D1,"Kolaborasi seru @KineriaMovie : Angga Dwimas Sasongko Siap Garap ""FILOSOFI KOPI"" http://www. kapanlagi.com/showbiz/film/i ndonesia/angga-dwimas-sasongko-siap-garap-filosofi-kopi-333b35.html … @FILM _Indonesia @anggiakharisma",Positif
D2,"Wah :)) Filosofi Kopi harus sama bagusnya atau lebih @MirLes : @anggasasongko @GlennFredly Anggia, Film Cahaya Dari Timur bagus! @kineforum",Positif
D3,"Pada heboh film filosofi kopi akhir-akhir ini, padahal persnya sama ceritanya sudah buming semenjak bulan november di senayan .. Pada telat update ..",Negatif
D4,"Yakin di film in?? RT @OhKutipanBuku : Teaser poster untuk film Filosofi Kopi !!!!!! https://pic.twitter.com/1kFOm8aDds""",Negatif
D5,"RT@looohh : Rio Dewanto: Penonton Film  ""Filosofi Kopi The Movie"" Bisa Dapat Pengetahuan Tentang Kopi http://dlvrit.com/83Dxkb ..""",Positif
D6,oh .. jadi mau ada film baru yang berasal dari novel judulnya Filosofi Kopi . Pokoknya aku wajib nonton!,Positif
D7,"Bacaan sore tentang Filosofi Film eh, Kopi RT @candra_aditya : Moral Berharga Yang Gue Dapatkan Dari Film Filosofi Kopi http://www. provoke-online.com/index.php/cand ra-aditya/9946-moral-berharga-yang-gue-dapatkan-dari-film-filosofi-kopi …",Positif
D8,"""Filosofi kopi 2 : Ben & Jody"". Buat gua ini bukan cuma sekedar film . Karena dari awal gua terbuka dan menjadi punya perhatian yang sangat besar di Industri Per KOPI an Indonesia.… https://www. instagram.com/p/BWfmRjVDJ6Q/",Positif
D9,"Keren-keren nih pemain film Filosofi Kopi 2, istimewanya lagi bisa menikmati screaning filmnya… https://www.instagram.com/p/BWKe39hl6_r/",Positif
D10,"sekuel filosofi kopi dibuat menariknya, film ini tidak hanya terjebak dalam satu lokasi saja, melainkan juga akan mengunjungi tempat-tempat khusus seperti Bali, Yogyakarta ..#filosofikopi2 https://www.instagram.com/p/BO9zXL0Af_5/",Positif
D11,Oke. Tahun baruan banyak film Indonesia bagus. Pengin nonton Filosofi Kopi,Positif
D12,Menghilangkan penasaran sama Kopi Tiwus. Kaya di filmnya gitu. Haha (at Filosofi Kopi ) — https://path.com/p/3EIzVm,Positif
D13,Udah nonton film filosofi kopi ? Belum afdol kalau belum ke kafenya langsung!… (w/ @Tommy at Filosofi Kopi ) [pic] — https://path.com/p/4lzyYS,Positif
D14,"omong-omong perawi film Filosofi Kopi itu siapa? jangan-jangan dhaif, jadi tak persis seperti novelnya.",Negatif
D15,Beda beda tipis lah gantengnya. Akting Rio bagus banget di film Filosofi Kopi . Kamu harus nonton… https://instagram.com/p/2dDA5TQ785/,Positif
D16,"Makasih filosofi kopi , film ini hebat!",Positif
D17,"Filosofi Kopi & Guru Bangsa belum di tonton, film bagus Indonesia lainnya sudah mau tayang :(",Positif
D18,"gue ga terlalu suka film indonesia, tapi waktu nonton filosofi kopi ini keren! wajib nonton ya ,apalagi pecinta kopi cc @filkopmovie",Positif
D19,Rekomen: Film filosofi Kopi keren sampai nonton 2x begini ini (with @Mom at @cinema21 ) — https://path.com/p/3Dwwaj,Positif
D20,"hidup ini gak sempurna ya begini adanya #Filosofi Kopi Tiwus, keren banget filmnya @GlennFredly",Positif
D21,Masih berlangsungnya film filosofi kopi satu yang gw dapet adalah. Kuku jempolnya chiko jeriko jelek :)),Negatif
D22,"Nonton film indonesia "" filosofi kopi "",mata pegal layarnya gerak-gerak… (w/ @Kiko, @Caroline, & @BerthaRia at XXI cipinang Indah Mall) — https://path.com/p/49XGnO",Negatif
D23,"Ayo RT @maulidash : Ayo bitra RT @KopiID : Bagi para pecinta kopi , film ini masuk kategori wajib tonton; "" Film Filosofi Kopi",Positif
D24,The secret suster ngesot urban legend itu film horror apa iklan mobil,Negatif
D25,"""The Secret : Suster Ngesot Urban Legend"" Pengorbanan Cinta Berujung Petaka Kepul http://hotdetik.com/read/2018/04/2 5/114708/3989688/229/the-secret-suster-ngesot-urban-legend-pengorbanan-cinta-berujung-petaka",Negatif
D26,"The Secret Suster Ngesot Urban Legend batal tayang di daerah Palopo, Sulawesi Selatan setelah diprotes oleh asosiasi perawat karena penggunaan kata "" suster "". Kalo judul FTV Indosiar: Akibat Kebanyakan Gimmick dan Settingan, Filmku Di boikot dan Batal Tayang https://pic.twitter.com/ozzSSWv7bz",Negatif
D27,Ih Ngeri.. Ada Yang Kesurupan Saat Promo Film The Secret - GO SPOT https://youtube.com/BP-PKca5_Y8 lewat @YouTube,Negatif
D28,Iklan film the secret aja bikin seram gak mau liat kanan-kiri kalau lampu kamar udah mati. Apa lagi nontonnya huh,Negatif
D29,"Selamat kak raffinagita1717 untuk film ""The Secret Suster Ngesot Urband Legend"" filmnya banyak rasanya lucu,baper, sedih juga nonton ya besok 26 april di bioskop kesayangan kamu https://pic.twitter.com/WuwAidUOov",Positif
D30,"Nagita Slavina Ternyata Terpaksa Bermain di Film Raffi Ahmad, The Secret Suster Ngesot http://dlvrit.com/QQwrt6",Negatif
D31,: gue : temen gue : eh pengin nonton horror deh. Saran film horror dong : itu... Yang the secret of apa tuh... Secret of suster ngen EH ngesot,Negatif
D32,Film The Secret : Suster Ngesot Dibuat dengan Logika Ngesot https://ifttt.com/2JCwkUV #perfilmanindonesia #filmindonesia,Negatif
D33,"pengin nonton the secret walaupun gua takut sama film horor apa lagi pas temen yang udah nonton bilang seram banget gua semakin kepo kan""",Negatif
D34,Tidak sesuai ekspektasi. #Danur . (at @cinema21 ) — https://path.com/p/42L5wt,Negatif
D35,"Danur 1&2. Gajelas banget ceritanya, apalagi yang kedua gantung parah (nonton juga lagi gw wkwk), alurnya biasa aja, banyak yang nonton waktu part 1 karena pemasarannya aja kali itu bagus bikin penasaran dan masuk film horor indonesia terbanyak penontonnya.",Negatif
D36,Berhasil bikin parno ? Danur (with @yusuf at @cinema21 ) — https://path.com/p/4hOTe5,Positif
D37,"DANURnya kurang seram, masih seraman DANUR kuning nikahan mantan . . . . . #danur #danurmovie … https://www.instagram.com/p/BSqPTEhAwA9/",Negatif
D38,Biasa aja ah ? Danur (with @AhmadSyahruji at @cinema21 ) — https://path.com/p/JxfSm,Negatif
D39,Gak seram uang balikin ? Danur (with @Sari at @cinema21 ) — https://path.com/p/4tjRZs,Negatif
D40,Lumayan bikin takut juga suaranya tapi durasi filmnya kurang panjang ? Danur (with @intan at @cinema21 ) — https://path.com/p/37NnTq,Negatif
D41,"Gak ada seram-seramnya ah ? Danur (with @Dwi, @salsabilah, and 5 others at Gading XXI) — https://path.com/p/3HqlnP",Negatif
D42,"Mengharukan banget, sampai menangis nonton danur ,, sukses buat kak @PrillyBie semoga penontonnya… https://www.instagram.com/p/BSlrf22jbQe/",Positif
D43,"Seru dan bikin ketawa ngakak wkwk ? Danur (with @Yessa, @RAHADIMAS, and 2 others at @cinema21 ) — https://path.com/p/1oYFMt",Positif
D44,Nggak seram pisan deh ? Danur (with @Indra at Cinemaxx Mal Lippo Cikarang) — https://path.com/p/3oLPIk,Negatif
D45,"50. Danur 2: Maddah #Danur2Maddah alami peningkatan di banyak aspek dari film pendahulunya. Meski tak terlalu istimewa dari segi cerita, Awi Suryadi setidaknya mampu menjaga deretan jump scares di film ini agar tetap pada jalurnya dan tak melenceng jadi murahan. 3/5 https://pic.twitter.com/JkjHvuJcoN",Positif
D46,Ga seram ah danur .... (with @Debby at @teraskotabsd ) — https://path.com/p/aTgDt,Negatif
D47,Paling malas nonton beginian ? Danur (with @Shafa and @PUTZALLEA at @cinema21 ) — https://path.com/p/1wIM2p,Negatif
D48,"harus melewati jumlah si film ngesot yang sebelumnya kalau bisa mengalahkan danur kalau gak mah berani-berani tapi ujungnya ditertawakan jadi bahan ""ejekan"" baru setelah rafathar...ya minimal lebih dari rafathar ..",Negatif
D49,Hahahahhahaha ekspresi kakak-kakak gua ketika nonton film Danur orang pada nonton kedepan… https://www.instagram.com/p/BSnZ-w0F97u/,Negatif
D50,8.... film cek toko sebelah (berniat sekali ingin menonton karena rating yang bagus) maka saya tidak akan menontonnya.,Negatif
D51,Untuk ke-5xnya nonton ini film dan tetap ga bosan dan… ? Cek Toko Sebelah (w/ @BaimBat & @Andika at @cinema21 ) — https://path.com/p/17x830,Positif
D52,Untuk ke 2nya. Cintai film indonesia. Buat yang bagus doang… ? Cek Toko Sebelah (w/ @Icha & @Abe at @cinema21 ) — https://path.com/p/2K8kZN,Positif
D53,"Selesai nonton film yang lucu,kocak, sedih dan mengharukan . . #cektokosebelah … https://www.instagram.com/p/BPfTVSzDK4K/",Positif
D54,"film sederhana tapi memakjlebkan hati.. ""harta yang paling berharga adalah keluarga""… ? Cek Toko Sebelah (w/ Maria Caroline & maryo at Gading XXI) — https://path.com/p/4pzAUD",Positif
D55,Salah satu film Indonesia yang sukses bikin & hebat! Keren… ? Cek Toko Sebelah (w/ Intan at @puri_indah_mall ) — https://path.com/p/1vljDW,Positif
D56,Habis nonton cek toko sebelah film oleh @ernestprakasa .. film yang kocak dan penuh makna.. @Cinema… https://www.instagram.com/p/BO4h8fHBchK/,Positif
D57,"Menurut gw sih film hangoutnya radit kalah sama film cek toko sebelahnya ernest, lebih lucu… (at Gading 21) — https://path.com/p/3kBaSz",Positif
D58,"Cek Toko Sebelah , salah satu film Indonesia yang gue tonton 2x. Tonton sendiri… (w/ @Rachel at @cinema21 ) [pic] — https://path.com/p/ciSaX",Positif
D59,"Sebuah kebanggaan bagi DC dan WB. Karena sebelumnya film DC yang telah di produksi mengalami kegagalan, seperti Justice league dan Suicide Squad .",Positif
D60,Nonton film yang katanya ratingnya jelek ? Suicide Squad (with jayanti at @cinemaxxtheater ) — https://path.com/p/2dtwVM,Negatif
D61,"Oh My God! Film ini musuhnya tolong jangan terlalu jelek ya, bikin pengen muntah. Will Smith charming abis dan Margot berhasil menjadi pencair suasana.  8,5/10? Suicide Squad (w/ Ayu at @epiwalk ) — https:// path.com/p/4aM7Uw",Positif
D62,Gak seru ah.. Ceritanya klasik banget dan mudah ketebak ? Suicide Squad (with @Lia and @Fadhila at @cinema21 ) — https://path.com/p/570Dj,Negatif
D63,Baru nonton udah basi banget ? Suicide Squad (at Pt Ace Bio Care) — https://path.com/p/3by6FK,Negatif
D64,Ada 8 kali nonton sumpah ga bikin bosen karena di dalam film ini begitu banyak  cinta :D… ? Suicide Squad (at @RentZyzGames) — https://path.com/p/1cCrqc,Positif
D65,"Nah ini film yang anti mainstream penjahat lawan penjahat ? Suicide Squad (at @globaltvseru ) — https://path.com/p/2PjMS9""",Positif
D66,"diawal film nggak ngerti siapa aja pemainnya, agak gaknyambung sama jalan ceritanya :D… ? Suicide Squad (at @cinema21 ) — https://path.com/p/1VjIJG",Negatif
D67,"Film Suicide Squad itu, kaya tampang pacar kamu.. Biasa",Negatif
D68,"Penasaran sama nih film yang katanya bagus banget… ? Suicide Squad (w/ @Yuni, @fathimaafp, & @aprillia at XXI pejaten village) — https://path.com/p/1AAhZY",Positif
D69,99 cahaya di langit eropa . Ga terlalu bagus. (@Detos 21 - @cinema21 w/ 6 others) http://4sq.com/1dHyqfQ,Negatif
D70,99 cahaya di langit eropa bagus banget..orang nonton eh @rickyrechez malah tidur (with @rickyrechez at @cinema21 ) — https://path.com/p/184Zs5,Positif
D71,"Film inspirasi banget, 99 Cahaya di Langit Eropa :')",Positif
D72,Netes air mata liat film ini 99 cahaya di langit Eropa . Banyak banget pelajarannya (at Karawang) [pic] — https://path.com/p/3mDHcX,Positif
D73,Tau aja kak RT@Aprilahfadiyah1 : Nanti stefen yang sering makan daging babi di film 99 Cahaya di langit eropa 2 di tabrak mobil,Negatif
D74,Karena ga ada film terpaksa nonton 99 cahaya di langit eropa . Padahal mah najis banget nontonnya,Negatif
D75,99 Cahaya di Langit Eropa adalah film Indonesia terbaik yang pernah gue tonton setelah Rumah Dara dan Habibie Ainun.,Positif
D76,Waktu di bioskop Nonton 99 cahaya di langit eropa ....1 bioskop Menangis Hahaha Pas yang keduanya pada menangis pijar ..pokoknya keren tuh film,Positif
D77,Subhanallah. film 99 cahaya di langit eropa bagus banget. Menginspiratif + menambah ilmu keislaman saya. terima kasih @hanumrais karya yang luar biasa,Positif
D78,RT @venessaar : Subhanallah keren banget film 99 Cahaya di Langit Eropa :'),Positif
D79,Ternyata film 99 cahaya di langit eropa itu cuma setengah doang dari novelnya. Dan nanti ada yang part 2nya..,Negatif
D80,Tenang pak .. :D RT @JusufKalla : Film 99 cahaya di langit Eropa bagus & wajib di tonton masyarakat (cont) http://twitter.com/n0t3qj,Positif
D81,Truth or Dare bagus ga ya ? Dengar-dengar kayak Final Destinantion .. kalau benar gitu gw mundur ga bisa nonton film genre gitu..,Negatif
D82,"#TruthorDare movie Ini film ga tau genrenya apa, romansa ada, horor ada, thriller ada, keknya semua genre jadi satu. Terlalu mengintimidasi penonton, alias mengerikan. Kaya kita ikutan main permainan gitu",Negatif
D83,Truth or dare keknya boleh di tonton. Yaelah Sab mau sok-sokan nonton film ada pembunuhannya gitu. Nontonnya dari celah-celah jari tangan aja.,Positif
D84,"Supernova .. Adalah film yang membuat saya mikir keras dari pertama mulai sampai akhir, dengan kata-kata yang diksi dan perlu pemahaman o_o",Negatif
D85,Truth or dare - seru banget nih film :-D,Positif
D86,Oh gitu sebentar download deh RT @GP_MchlWeisman : Sejenis film truth or dare tapi beda banget kok RT @GP_Nick : Iya.. mirip kaya film apa?,Positif
D87,"#TruthorDare ternyata film religi. Barang siapa menjalani perintah agama, hidupnya akan terhindar dari kesialan dipaksa-dipaksa main truth or dare berujung maut. He he.",Negatif
D88,"Ini film sangat menyebalkan, awalnya keren, kenapa akhirnya gak jelas, untung gak nonton dibioskop… ? The Call (w/ Candita & Ajeng) — https://path.com/p/2dhDti",Negatif
D89,"Dengan cerita dan latar terbatas, #47MetersDown efektif menghantarkan ketakutan pada penonton. Sayang penutupnya sangat mengecewakan. 3,5/5",Negatif
D90,"Seringkali menyebalkan dan guyonannya tak selalu tepat sasaran, namun sulit untuk mengatakan #TheUnderdogs adalah sajian yang buruk. 3/5",Negatif
D91,Film buluk dan bikin ngantuk. ? After Earth — https://path.com/p/2aL0Np,Negatif
D92,Gatau film apa ga tau tentang apa ga tau nonton apa… ? The Imitation Game (w/ @EkaPridaSadewa at XXI Blok M Plaza) — https:// path.com/p/40L4kg,Negatif
D93,KPU Larang Film Dilan 1990 Ditayangkan di TV http://www.suaradewan.com/kpu-larang-fil m-dilan-1990-ditayangkan-di-tv/ …,Negatif
D94,"53. Arini Morgan dan Aura Kasih tak tampak seperti pasangan dengan perbedaan usia yang jauh sehingga premis utama yang ingin disampaikan jadi gagal tercapai. Pada akhirnya #Arini terasa datar. Tak ada rasa. Tak ada gelora. 2,5/5 https://pic.twitter.com/rpwt86iNCh",Negatif
D95,"#Dunkirk mempunyai cinematicnyata, skor dari Hans Zimmer yang amat membuat tegang serta akting menawan dari jajaran pemain, namun sayang film perang ini tampak kurang maksimal dalam pemaparan perangnya (3,5/5) https://pic.twitter.com/TEAKjdKQ0H",Negatif
D96,"Cuma harus diakui, saya sulit untuk terikat secara emosional dengan karakter-karakternya karena cerita latar belakang yang sangat minim. #Dunkirk",Negatif
D97,Seru filmnya.... Meski telat banget baru nonton sekarang... Hahaha ? Zootopia (at @cinema21 ) — https://path.com/p/2ShNBI,Positif
D98,Bagus.... Pantesan ratingnya di rottentomatoes sampe 99%... Telat baru nonton… ? Zootopia (at Gading XXI) — https://path.com/p/2qmXn8,Positif
D99,"Teori Hobbes om. Ciptakan ketakutan, maka kau akan menguasainya. Di film animasi Zootopia , teori ini dikreasikan dalam budaya populer bahkan bisa dinikmati anak-anak.. Sok atuh di tonton.",Negatif
D100,"Penasaran banget sama film ini yang katanya lucu … ? Zootopia (w/ @Devlina, @Sonya, & 2 others at @cinema21 ) — https://path.com/p/YMeZq",Positif
D101,"Kesimpulan dari film ini adalah jangan percaya domba berbulu halus nan lembut, Fox alias rubah yang penampakan luarnya ganas,malah baik hati *_*… ? Zootopia (w/ Danar at @cinema21 ) — https://path.com/p/4mAZQ3",Positif
D102,Kita sudah cukup tua sebenarnya buat nonton film ini ? Zootopia (with Tyas Ari at @cinema21 ) — https://path.com/p/1OzF42,Negatif
D103,"Pantes aja ratingnya 8,4. Ternyata memang bagus filmnya, terbaik versi film animasi tentang atau ceritanya tentang Binatang. Semua umur bisa nonton pula. Gue yakin ini film bisa mengalahkan Triloginya Madagaskar....? Zootopia (at Taman Banten Lestari) — https://path.com/p/2O4Cg1",Positif
D104,Film animasi seperti ini yang harusnya diperbanyak!! ? Zootopia (with @Nastiti at XXI Taman Anggrek) — https://path.com/p/4bP63T,Positif
D105,Bagus banget ya filmnya. ? Zootopia (with @Braven at @cinema21 ) — https://path.com/p/10XRPO,Positif
D106,Senang banget nonton zootopia Filmnya suka ih.. #seharianngemall … (w/ @Aryo at @cinema21 ) [pic] — https://path.com/p/3KOtxP,Positif
D107,"Film horor yang berbiaya murah, biaya produksi gak sampe 10 juta dollar tapi sudah box office di seantero ???? dengan meraup lebih dari 35 juta ???? dollar.. #EnjoyThen… ? Don't Breathe (at @cinema21 ) — https://path.com/p/3cznq",Positif
D108,"Film bangke gak bisa nonton tenang Usulan sapa sih nih nonton beginian --"" :""… ? Don't Breathe (w/ Renata, Andry, & 2 others at One BelPark XXI) — https:// path.com/p/2rAUPo",Negatif
D109,"Terandom nonton jam segini spot jantung 2x karena film dan papasan sama orang random :"" :)… ? Don't Breathe (at @cinema21 ) — https://path.com/p/2k9PrP",Negatif
D110,"Gara-gara nih film ga jadi tidur , bikin tegang doang ? Don't Breathe (at dewa ciracas) — https://path.com/p/24ZOJj",Negatif
D111,yang punya penyakit Jantungan.. Jangan tonton film ini ya #dontbreathe … ? Don't Breathe (at Purnawarman Residence Kav. 5) — https:// path.com/p/R7u5O,Positif
D112,Beneran jadi susah napas nonton film ini ? Don't Breathe (with @Galih at @cinema21 ) — https://path.com/p/3zWdnO,Negatif
D113,Tegang parah nih film :') ? Don't Breathe (with @Ani at @cinema21 ) — https://path.com/p/4Clyx6,Positif
D114,Film yang bikin capek habis nonton Tegang banget dari awal sampai akhir ? Don't Breathe (w/ @Yusak & @oim at @cinema21 ) — https://path.com/p/2QrF5D,Negatif
D115,"Lebih hina bikin kagetnya,. dari pada film hantu #boleh Di Coba di tonton turutin maunya pacar tersayang #malam minggu Kita :) … ? Don't Breathe (w/ @SekarPrabashanti at @cinema21 ) — https://path.com/p/2Zo8tg",Negatif
D116,"Pegel sekali ini film . 7.5/10 omong-omong, bukan horror tapi bikin kaget dan ngos-ngos-an lah Anjay pokoknya --""… ? Don't Breathe (w/ @Debbial at @cinema21 ) — https://path.com/p/kCQqe",Positif
D117,"Kalau lo berharap ini bakal kayak Jumanji atau Ouija , Lupakan! Ular tangga cuma sekedar pemanis dan kambing hitam"" yang di bikin supaya kelihatan beda sama film horror indonesia lain. Terus kenapa ada lagu Lengsir Wengi juga coba??? Satu-satunya yang bagus cuma aktingnya Danish Skor: 4/10 https://pic.twitter.com/7TdshkYkY5",Negatif
D118,Film apaan ini?? tidak ada seram -seramnya... ? Ouija : Origin of Evil (at Mana Aja Boleh Yang Penting Happy) — https://path.com/p/2pxa45,Negatif
D119,"Jijik banget ini film !!! Mengesalkan!!! Dari awal sampai akhir ga dikasih napas gila… ? Ouija (w/ @Ibrohim at Platinum Screen XXI, Margo City) — https://path.com/p/39CTx2",Negatif
D120,"Apa-apaan sih film ""Ouija"" ini... Horror kelas teri, membosankan.",Negatif
D121,"Cowok dua orang sebelah gw nonton film ginian aja tutup muka, yang satu pake tangan yang satu pake topi… ? Ouija (at XXI Taman Anggrek) — https://path.com/p/v6IxH",Negatif
D122,"Ingat dong ini film horor bukan film drama, jangan senyum senyum nontonnya :p ? Ouija (with prm at @cinema21 ) — https://path.com/p/4CGBLN",Negatif
D123,Ouija film berdurasi 89 menit bikin satu studio terkaget kaget Terima Kasih pesek @alicemutiara,Positif
D124,"Untuk kedua kalinya ini kita mbak nonton ini film ,semoga ga ada yang tarik-tarik keluar teater,biar bisa nonton sampai akhir ya :D --""… ? Ouija (w/ @Ulfaziah at @cinema21 ) — https://path.com/p/2ShndQ",Negatif
D125,NAH ITU KESIMPULAN FILM OUIJA ! RT @naddevdes : @Tivamns_ jangan percaya sama nenek nenek/?,Negatif
D126,"Dilampu gantung tolol RT @hadipratamas : @hendrian30494 lo gua grayangin kalau gua mati,terus gua gantung di pohon cabe biar kaya film ouija #mati ",Negatif
D127,"Indonesia masih menjuarai kalo masalah film - film horor, hanya kualitas gambar yang gambar yang membedakannya :)… ? Ouija (at @cinema21 ) — https://path.com/p/1Qx8D0""",Negatif
D128,"Film gak mutu...maksudnya mau science fiction, tapi science-gak dapat, fiction-nya juga gak jelas... #edisinontonsamamyangel… ? The Divergent Series: Allegiant (at @21cineplex ) — https://path.com/p/1BVQ93",Negatif
D129,Kata orang-orang filmnya gak bagus.. Tapi buat gw bagus kok.. Gw suka!! Seru malah.. Penutup soundtracknya bagus.. Si neng Selena Gemez bukan sih?? #eh ;D 7.8/10 … ? The Divergent Series: Allegiant (at Platinum Screens) — https://path.com/p/BUaTF,Positif
D130,"Ga mau menghakimi karya dari ratusan orang di balik film menghibur. Toh gue cuma bayar 35K IDR saja … ? The Divergent Series: Allegiant (at One BelPark XXI) — https://path.com/p/5C3wi""",Positif
D131,"Dialog sepanjang film ditambah tambahan dialog dari Fithry yang durasinya sepanjang film juga ""Ya Allah Tar Four ganteng banget"" … ? The Divergent Series: Allegiant (w/ @Fithry at @cinema21 ) — https://path.com/p/1wVZst""",Positif
D132,Gantung aja terus ini film ? The Divergent Series: Allegiant (with Dominic at @cinema21 ) — https://path.com/p/4l8rGQ,Negatif
D133,Udah nonton insurgent terus baca allegiant itu rasanya aneh. Habis insurgent buku sama film beda banget,Negatif
D134,Kelamaaan dek. Bagus novelnya gak terduga banget apalagi yang allegiant RT@aghitsa_zirra: @Anindhita_25 ada filmnya juga... nunggu i,Negatif
D135,"RT @bhimapasanova : RT @RezhaNusantara: @soyidiyos coba nonton film falcon and the snowman , biar kamu makin benci sama CIA :) http://myloc.com/riInf",Negatif
D136,"Malam jumat nonton film horor, tapi filmnya jelek ? Rings (at @cinema21 ) — https://path.com/p/3xJyMI",Negatif
D137,Buset dah dari awal sampai habis ini film boros dah ah ? Rings (at @cinema21 ) — https://path.com/p/4GuMs0,Negatif
D138,"Agak males sih ,, berhubung cuma ini yang belum di tonton filmnya hahaha ? The Bye Bye Man (at @cgvblitz ) — https://path.com/p/fRzvb",Negatif
D139,"45. Pacific Rim: Uprising Jika tayang 20 tahun lalu, #PacificRimUprsing tentu jadi tontonan yang menganggumkan.Namun karena ini 2018, jatuhnya jadi sekedar ajang pamer efek visual dengan kisah yang tipikal dan membosankan. 2,5/5",Negatif
D140,Apalagi kalo ada yang ke 2nya :3 RT@AnggaraSopanR: Gak bosan-bosan nonton Pacific Rim . Keren banget ini film ,Positif
D141,"Keren itu ken walaupun mungkin kaya film ultraman, musuhnya monster-monster dino gak jelas hehe RT @KennyAnindio Fix pacific rim , next list",Positif
D142,"Habis nonton ""pacific rim"". Sumpah ini film keren banget.. https://pic.twitter.com/VWdcc2cyor",Positif
D143,Kemaren nonton film action ini... Eh masa ada yang menangis hahaha :p ? Pacific Rim (with @muliyarahma ) — https://path.com/p/Dpjpz,Negatif
D144,":'( :'( RT @amrazing : Agak sakit hati liat film sebagus Pacific Rim baru dapet 52,2 juta dollar di Amerika.",Negatif
D145,"Kenapa sih monster di film Pacific Rim dinamakan Kaiju, kayak nama pokemon ga sih? Ga ada seram-seramnya",Negatif
D146,"Film gak jelas mendingan film si KOMO RT @detikcom : ""Pacific Rim 2"" Telah Diumumkan Tanggal Rilisnya http://detik.com/Vq4Sb6 ",Negatif
D147,Dua film dibulan maret yang cukup bikin capek....kalau pacific rim uprising itu berasa kita lari larinya mengendarai robot penuh aksi dan perjuangan....pokoknya paling bagus banget deh....keren 100% bikin ketagihan nonton lagi ... https://www.instagram.com/p/BhE0gaCAbqi/,Positif
D148,Kalo kata penikmat film sih ini bagus.. #dunkirk #dunkirkmovie #hollywood #goodmovie @Taman… https://www.instagram.com/p/BW7TudngTa3/,Positif
D149,"Ga terlalu hype sih sama ini film , menceritakan jaman WWII yang kejadiannya di Dunkirk , tapi karena yang sutradaranya Christopher Nolan, otomatis gw nonton, fans berat film-film dia.
#dunkirk #wwii… https://www. instagram.com/p/BWz-1U3FARB/",Negatif
D150,"DUNKIRK OH my Nolan kelam kali pun, film epik nan emosional yang di kemas elegan nan sederhana sayangnya tanpa rasa Nolan yang biasanya memaksa menyita perhatian khusus memperhatikan cerita dengan seksama #dunkirk ... https://www.instagram.com/p/BWzlWCvA4SC/",Positif
D151,Semoga film Dunkirk yang dibintangi tom hardy tayang di xxi. Aktor kesukaan,Positif
D152,"Oh iya deng pada dasarnya memang gak suka yang fantasi-fantasi begitu. Monster-monster, terus genre action yg kejar-kejaran sepanjang film . Pasti ketiduran. Dua kali begini soalnya. Nonton Fast&Furious terakhir sama Rampage ... tidur... capek berisik",Negatif
D153,Setiap film yang ada karakter binatang reptilnya jadi raksasa lalu meraung (atau mengaum apa lah itu) harus siap-siap resiko malah bikin penonton ingatnya sama Godzilla... Kasian. #RAMPAGE,Negatif
D154,"RAMPAGE (IMAX 2D) http://wbpictures.id Sebuah film yang diperankan @therock , aktingnya tidak diragukan… https://www.instagram.com/p/BhfxlNklfo1/",Positif
D155,"Rampage belum bisa move on dari film ini, keren kali. https://www.facebook.com/story.php?stor y_fbid=1802145109835093&id=100001188658309 …",Positif
D156,Seru mana RAMPAGE atau INFINITY WAR ? — Ga dua-duanya http://askfm.com/igoto/45DKECN7,Negatif
D157,Nonton Red Sparrow subtitle Indonesia #film ini bercerita tentang seorang mantan penari balet bernama Dominika Egorova (diperankan oleh Jennifer Lawrence) http://www.bioskoponline.org/red-sparrow/,Positif
D158,RED SPARROW (20thcenturyfoxid) Film yang sangat menegangkan mencampur aduk emosi dan berfikir film ini memiliki banyak teka teki di awal film dan akan terjawab kalau kamu bisa memahami film ini dan mengikuti alurnya. Film tersadis yang pernah gua tonton… https://www.instagram.com/p/BfvXCL7jfxH/,Positif
D159,tapi red sparrow memang parah sih wkwk ga kebayang gue nonton itu di bioskop wkwk,Negatif
D160,14. RED SPARROW (2018) 5/10 Mbak Jennifer Lawrence cakep sih mainnya. https://pic.twitter.com/61qJFLYibD,Positif
D161,red sparrow seru parah gini tapi ratingnya sedikit aduh,Negatif
D162,Filmnya bagus banget terbaik lah Dilan 1990 #dilan1990 @iqbaale @vaneshaass pengin nonton lagi… https://www.instagram.com/p/BetBTQYlLoW/,Positif
D163,Nonton #dilan1990 bareng bunda @MFauzia . Film yang bagus untuk di tonton (y) . Berasa balik ke jaman sma :D… https://www.instagram.com/p/BekoWKpB1FD/,Positif
D164,Jangan rindu. Ini berat. Kau tak akan kuat. Biar aku saja. - dilan1990 @JlHJian cipete utara… https://www.instagram.com/p/BSvmstqApXU/,Negatif
D165,"Mau Review film film. dilan1990 nih. Mulai baca Novel dilan cetakan XVI , dari pertama baca sangat amat suka sama karakter dilan. Gila ya adanya cowo kaya begini di dunianyata … https://www.instagram.com/p/BeX59_FjVo1/""",Positif
D166,Gue yakin sih semua artis remaja yang merasakan pacaran juga pasti kaya gitu. Hanya saja gak banyak orang yang cari tau. makanya gak ada yg tau. iqbaal kebetulan lagi naik daun dengan suksesnya dia di film #Dilan1990 di tambah kabar bahagia dia yang lulus dari UWC sebomming pernikahannya harry - meghan :D,Positif
D167,#Dilan1990 menurutku adalah sebuah film yang mengembalikan ingatan terhadap zaman sekolah.  Sebuah film ringan tentang anak remaja yang mempunyai kebahagiaan tersendiri.  Telatah Dilan yang berusaha mencuri hati Milea dengan berbagai cara akan mengundang..,Positif
D168,Arini .... Masih ada kereta yang akan lewat Benar-Benar film yang bagus banget Goals Baru… https://www.instagram.com/p/BhRJ3dgjQrQ/,Positif
D169,"Mending nonton film arini ya kan, manis manis manja gitu",Positif
D170,#PengabdiSetan mengingatkan kita betapa kisah dan hantu-hantu dengan kearifan lokal itu jauh lebih seram ketimbang yang di luar sana.,Positif
D171,Pengabdi Setan bangsat! Joko Anwar tahu banget cara bikin orang sini menjerit-jerit. Salah satu pengalaman nonton horor paling mengesankan! 4/5,Positif
D172,"Apalagi bawa-bawa mayat, kafan, keranda, kuburan, tahlilan, sampai adegan salat yang super menakutkan itu. Gue nyerah! #PengabdiSetan",Positif
D173,Dan gue senang Joko Anwar tidak terpancing bikin filmnya jadi sok pintar. #PengabdiSetan tetap bakal disukai penonton kebanyakan,Positif
D174,"Pengabdi setan ,film jadul.RT @film_indonesia : #dibantu #tanyamalam --? "" @Imamul_ Mau tanya, film horor (cont) http://tl.com/89ogfq",Negatif
D175,Ini adegan paling kampret di PENGABDI SETAN https://pic.twitter.com/oHHeSpsR24,Negatif
D176,"Alur cerita film comic 8 , mirip-mirip now you see me",Negatif
D177,"Tiba-tiba merinding ingat adegan ketok-ketok jendela (^.^) RT @jokoanwar : Yuk minta @sunilsamtani Rapi Films suruh gue nge-remake ""Pengabdi Setan"". :))",Negatif
D178,Gak tau harus ngomong apa lagi #PengabdiSetan beneran SETAN !!! #maafBerkataKasar Sangat… https://www.instagram.com/p/BZZLLW6hzZS/,Negatif
D179,Nonton Pengabdi Setan siap-siap ketakutan ah belum nonton aja kok gw deg-deg an wkwk … https://www.instagram.com/p/BZvtvf4HnOE/,Negatif
D180,Pengabdi Setan Raih Film Terbaik Overlook Film Festival 2018 di Amerika http://kompas.com/AFyZq8,Positif
D181,Aduh Pengabdi Setan kalah sama film Dilan :))) Aing ah apa apaan ini! Padahal pengabdi setan seru banget! seram kaco parah sih! Soalnya aing ga nonton kalo film dilan hahaha,Positif
D182,Akhirnya memberanikan diri untuk nonton bareng Pengabdi Setan Seram? Pasti Menguras energi… https://www. instagram.com/p/BZ_pkV3g0ix/,Positif
D183,Pengabdi Setan jalan ceritanya bagus... Cuma kenapa akhirnya bikin drop... . .… (w/ sugih & Rendi at @cinema21 ) — https://path.com/p/JxGZh,Negatif
D184,"#MarsMetVenusPartCowo mampu mempertahankan rasa manis dan hangat dari Part Cewe dengan humor yang lebih asyik, lebih menggigit. 3,5/5",Positif
D185,"#TheDoll2 berjalan cukup asyik dan meyakinkan hingga akhirnya masuk ke paruh ketiga yang penuh dengan momen-momen menggelikan. 2,5/5",Negatif
D186,"Secara sinematik #Dunkirk jelas ada di level yang luar biasa. Visual yang memukau sekaligus mengintimidasi, ditambah skor yang gila.",Positif
D187,"#DespicableMe3 kehilangan momen-momen segar yang ada di dua film pendahulunya. Yah, walau sesekali masih mampu bikin tersenyum. 3/5""",Negatif
D188,"#Jailangkung sibuk menyajikan gambar-gambar bagus hingga lupa tugas utamanya untuk menghantarkan ketakutan kepada penonton. 2,5/5",Negatif
D189,"Punya deretan pemain yang berlakon apik, sayangnya #SuratKecilUntukTuhan terasa berusaha terlalu keras menguras air mata penonton. 2,5/5",Negatif
D190,"#Sweet20 tampil kocak, hangat, dan menyenangkan terutama berkat performa luar biasa Tatjana Saphira. Remake yang asyik dan memuaskan! 4/5",Positif
D191,Dan #Sweet20 punya penutup yang nggak kalah mengejutkan dengan versi originalnya. Pecah!,Positif
D192,#Mantan punya konsep menarik walau penyampaian emosinya kadang tak mulus dan terlalu meledak-ledak. Aktris-aktrisnya bermain bagus. 3/5,Negatif
D193,"56. Terbang: Menembus Langit Sebagai film yang niatnya menginspirasi, sangat disayangkan #TerbangMenembusLangit hanya menyajikan masalah demi masalah tanpa mau memberikan solusinya. Padahal performa Dion Wiyoko bagusnya bukan main. 3/5 https://pic.twitter.com/2UrbLluz37",Negatif
D194,Apa cuma gw doang yang ga nunggu-nungguin banget Infinity War? Biasa aja gitu kayak film lainnya.. malah lebih pengin nonton Terbang besok kalau sempat :'),Positif
D195,"4. Insidious: The Last Key Meski atmosfer horornya gagal di bangun dengan baik dan rajutan kisahnya tak matang, #InsidiousTheLastKey masih punya beberapa jump scare yang cukup mengasyikkan. 3/5 https://pic.twitter.com/plMDiIHvHC",Positif
D196,"Udah, pokoknya filmnya keren, wajib nonton RT"" @AhSpeakDoang : Udah nonton Pacific Rim ? menurut kamu bagus gak filmnya?""",Positif
D197,"Ini film katanya bagus dan di rekomen, jadi ingin juga… ? Cek Toko Sebelah (w/ Meny & Natanael at @cinema21 ) — https://path.com/p/1Q34jB",Positif
D198,Film #CekTokoSebelah keren banget!! Lucu banget!! Tertawa terbahak-bahak satu bioskop!! Mengharukan… https://www.instagram.com/p/BPuwZqggWED/,Positif
D199,"Cek Toko Sebelah , ini film rekomen banget, kocak banget, dramanya dapat (at @cinema21 ) — https://path.com/p/tvIHv",Positif
D200,"Pujian insan perfilman buat My Idiot Brother , terima kasih buat yang sudah nonton (with @Ferry153 at Fast Film ) [pic] — https://path.com/p/2fNjDt",Positif
D201,"Nonton Exorcist The Beginning setelah tadi siang nonton Insidious . The Last Key jadi berasa gak ada apa-apanya. Exorcist, film klasik yang menyeramkan membekas, macam The Omen",Negatif
D202,"Bukan ketawa aja sih, ini film kok bikin mikir juga ya~ ? Koala Kumal (at GrandMetropolitan XXI) — https://path.com/p/30j2KM",Negatif
D203,"Gue kira antri @FilmKoalaKumal pakai perjuangan cuma hoax. Ternyata beneran, sayangnya gue lupa foto bang @radityadika KEREN BANGET !!!",Positif
D204,adegan favorit di film Koala Kumal .. Pas lidahnya @radityadika keseleo.. :D @FilmKoalaKumal,Positif
D205,Suka banget sama akting kakak cantik yang satu ini di film koala kumal ditambah lagi sama soundtracknya yang hits @sherylsheinafia,Positif
D206,Koala kumal .. Filmnya bikin nyesek tapi lucu sampai sakit perut @Metropolitan Mall Cileungsi https://www.instagram.com/p/BHuX3btj9bq/,Positif
D207,"Sejujurnya, saya pribadi lebih suka film Sabtu Bersama Bapak daripada Koala Kumal . Walapun memang Koala Kumal adalah film tebaik Radit sejauh ini.",Positif
D208,Banyak yang patah hati.. pantas pada ngajakin nonton nih film .. ? Koala Kumal (with All at @cinema21 ) — https://path.com/p/32nJQF,Negatif
D209,"""@sherylsheinafia hai sheryl gila film koala kumal bagus banget parah. Lo beda banget sama yang di breakout. Gokil. Lagunya juga enak.",Positif
D210,#Film - A Quite Place untuk Indonesia yang Banyak Bacot - https://isgd.com/Fi5upU pic.twitter.com/UNiNbUQhRE,Negatif
D211,"Monsternya a quite place muncul di infinity war, harusnya si regan ada nih biar monsternya pada cepat mati :(((",Negatif
D212,"Sampai mimpi hidup kayak di A Quite Place , hebat di mimpi aku bisa jadi pendiam, dan jadi jagoan, dan muat ngumpet di lemari",Positif
D213,"Kalau a quite place mmengajarkan jadi orang jangan bacot, avengers infinity war mengajarkan jangan ajak ketemuan pas ada perlunya aja nanti mati.",Positif
D214,"dulu waktu nonton film Yowis Ben dinyinyirin ""wah kamu nonton film ini gara-gara sekolah yang di pakai syuting itu dulu mantan mu sekolah disitu ya?"" , gaknyambung! (1)",Negatif
D215,"2. Yowis Ben #YowisBen jadi kejutan yang menyenangkan! Memang tak ada yang istimewa dari ceritanya, namun rentetan guyonan berbahasa Jawa yang tepat sasaran jelas punya keistimewaan tersendiri untuk pasarnya. Sulit untuk berhenti tertawa! 3,5/5 https://pic.twitter.com/aLe2uHrPao",Positif
D216,"Setelah sukses film komedi berdialog bahasa Jawa Timur #YoWisBen, sekarang boleh di tunggu #Jancuk, drama-komedi pasangan muda suku dan agama https://pic.twitter.com/dHPgcEG8zV",Positif
D217,"44. Love for Sale #LoveForSale membangkitkan memori betapa mencintai seseorang bisa sangat menyakitkan. Ketimbang film cinta, lebih cocok disebut film horor. Bangsatnya minta ampun. 4/5 https://pic.twitter.com/meoDjKTGLc",Negatif
D218,"Contohnya seperti film yang menurut saya bagus, misalnya, love for sale dan infinity war. Penonton sudah beranggapan bahwa akhirnya pasti menang/happy ending. Dan kemudian ""kecewa"" dengan endingnya",Positif
D219,#loveforsale - film cinta yang tak memuja cinta tapi tak juga mengolok-olok cinta. Ia hanya menyindir kita yang terlalu banyak alasan untuk tidak terlihat mendamba cinta. Padahal dicintai dan mencintai adalah soal menjadi manusia. #loveforsalemovie - keren http://askfm.com/igoto/45DKECN75V62DDAUPY6IQO7C5KGTJLAR,Negatif
D220,"Yang belum nonton Love for Sale, berikut reviewnya. Cepat keburu turun filmnya, padahal bagus lo …. http://www.sebelumnonton.com/201/03/review-film-love-for-sale-yang-jomblo.html … @CenayangFilm =)",Positif
D221,"Guys, nonton #LoveForSale buruan. Asli bagus. Gue liat penontonnya masih sedikit. Jangan di tunda kalo mau nonton. Sayng banget kalau sampai sebentar doang yang tayang di bioskop. Berangkat gih. Percaya lah. Bagus!",Positif
D222,"Sial nonton love for sale sesedih itu, pas sendirian pula nontonnya ga bisa ndusel :((",Negatif
D223,"37. Tomb Raider Meski kisahnya ngalor ngidul entah maunya gimana, #TombRaider versi baru ini punya deretan aksi yang seru banget. Alicia Vikander jelas pilihan tepat! 3/5 https://pic.twitter.com/SOKV5Pf4f2",Positif
D224,Ternyata film Tomb Raider yang tahun ini biasa aja ya … Masih bagusan yang main Angelina Jolie sebagai  Lara Croft … #IMO,Negatif
D225,"""Tomb Raider"" memang gagal ambil alih posisi juara box office domestik dari ""Black Panther"", tapi film aksi Lara Croft tersebut adalah film internasional terlaris pekan ini: http://flickmagazine.net/news/4830-tomb-raider-gagal-ambil-alih-juara-box-office-dari-black-panther.html ...",Positif
D226,strateginya sama kayak mengeluarkan black panther sebelum infinity war. Sama-sama juga menikahkan latar sebagai film solo pertama superhero kulit hitam (black panther) atau superhero wanita (captain marvel) pertama dari MCU juga,Positif
D227,Black Panther jadi film Marvel yang paling menguntungkan. Kok mati di Avengers Infinity War? Alur cerita film sepenuhnya diatur bisnis. Spiderman juga lagi filmnya tahun depan. http://www.bbc.com/indonesia/majalah-43368382 … ,Positif
D228,"tengah - tengah nonton Black Panther, istri gw tidur, gw terus ganti nonton NJPW. jelek banget anjir film ini",Negatif
D229,"Review pendek yang telat untuk ""The Conjuring 2"" … sisi religiusnya yang justru membuat filmnya tambah menarik.",Positif
D230,Sumpah kaget banget sih!!!  ?  The Conjuring 2 (with @Deepty at @cinema21) — https://path.com/p/3xEurD,Negatif
D231,Terlalu lucu ini film. ?  The Conjuring 2 (at @cinema21) — https://path.com/p/3uTtzi,Negatif
D232,FILM MACAM APA INI ?  The Conjuring 2 (with @Farrah at @cinema21) — https://path.com/p/3Kx2lv,Negatif
D233,yang udah nonton dua kali bakalan lebih takut sama yang baru perdana. ?  The Conjuring 2 (w/ @Meilina at @cinema21) — https://path.com/p/1l0blL,Negatif
D234,"Pegel woy seriusan, pulang - pulang rasanya butuh koyo wkwk mana nonton the conjuring lagi setannya di depan muka :(((",Negatif
D235,"Film horor ""A Quiet Place"" sukses mencuri perhatian publik! Bahkan film ini mengalahkan ""The Conjuring"" di Box Office! Berikut 7 fakta dari film horror ""A Quiet Place"" yang wajib kita ketahui. Pokoknya wajib banget nonton film ini!",Positif
D236,"1. The Greatest Showman Banyaknya detail penceritaan yang dilewatkan membuat kekuatan emosi dalam #TheGreatestShowman terasa naik turun. Namun film ini mampu membawa banyak kebahagiaan lewat deretan momen musikal yang cukup magis. 3,5/5 https://pic.twitter.com/72hN5P9b9e",Positif
D237,"Baru tau film The Greatest Showman bagus banget :"") , dan aku sendiri emang suka film musikal gitu tapi yang bawaannya ringan!! omg suka banget telat banget baru nonton akunya",Positif
D238,Kemana aja kau pani RT @faniasiik: Baru nonton the greatest showman jadi semakin suka mendengarkan never enough,Positif
D239,Pelanggaran Falcon Pictures di Film Benyamin Biang Kerok http://www.abadikini.com/read/26/04/201,Negatif
D240,Ody Mulya angkat bicara soal sengketa hak cipta film Benyamin Biang Kerok http://nasional.kontan.co.id/news/ody-mulya,Negatif
D241,"Film ""Benyamin Biang Kerok"" ternyata tidak berhasil menggapai target 6 juta penonton. Dan Menurut Max Pictures, itu salah penulis naskahnya Kalau menurut kalian gimana? Hem -- #Asumsi",Negatif
D242,Review Film: Keisengan Remaja Yang Berujung Maut di Truth Or Dare https://id.bookmyshow.com/blog-hiburan/review-film-truth-or-dare/,Negatif
D243,"Sejak habis nonton film ini tadi, kalau ada yang mengajak gue main truth or dare gue gak bakalan mau, lo main aja sendiri :D :D #TruthOrDareMovie",Negatif
D244,Truth or dare ini adalah film hantu tapi hantunya ga nampak. Aku kan penasaran sama calex kah culex kah siapa ya lupa haha. Mengagetkan sih karena backsoundnya. Jadi intinya kalau kalian mau main truth or dare pilih lah truth hem :D,Negatif
D245,"Pas nonton happy death day juga gitu trailernya menjanjikan banget … pas nonton, ya bagus aja sih tapi ga masalah kalau nontonnya di laptop",Positif
D246,"Udah nonton Happy Death Day? Film jenius, susah bikin film yang banyak adegan di ulang tapi dengan akhir yang berbeda. Karakter dan dialog kuat. Makanya waktu bikin film lagi dengan judul TRUTH or DARE, pasti seru! https://pic.twitter.com/EDPslKbyC2",Positif
D247,Film terburuk apa yang pernah kamu tonton seumur hidupmu? - Happy Death Day Parah lah film itu https://askf.com/chelle_js/answers/147946249915?,Negatif
D248,"Filmnya kurang bagus, walaupun di media ratingnya mengalahkan Civil War #latepost … ?  Don't Breathe (at Cinema XXI Plaza Depok) — https://path.com/p/1d3Wfr",Negatif
D249,"Sedih deh, film macam apa coba nih .. Mata sampai bengkak begini :"" … ? Warcraft (w/ @Fadli at XXI Cinere Bellevue Mall) — https://path.com/p/2zVYY0",Negatif
D250,"Tegang banget nih film, rating memang ga bisa bohong ?  Don't Breathe (with @Aviseina at Bassura XXI) — https://path.com/p/4EC9I8",Negatif
D251,"Cacatnya di film habibie & ainun adalah, memangnya tahun 90an udah ada e-tol ya? –” dan sponsornya gaul deh. Chocolatos sama wardah. Hahaha",Negatif
D252,Cuman bisa bilang KEREN BANGET... TOP ABIS itu film HABIBIE AINUN ... Semua cerita ada di film itu..... Top banget ;),Positif
D253,"#habibie . Habibie-Ainun , tidak sekedar drama kesetiaan rumah tangga, ada etos anak negeri menggapai harga diri bangsa",Positif
D254,"Subhanallah film habibie&ainun sedih banget sampe menangis aku hahaha,eh eh tapi ada @chris_nelwannya juga loh perannya jadi anaknya habibie&ainun",Positif
D255,"Ayo lah RT @mallandut : Harus wajib nonton Habibie & Ainun nih, kapan lagi indonesia bikin film bagus kaya gini.",Positif
D256,"Skrip itu yang buat aku iri :) RT @kakaanya : ""Jikalau aku harus mengulang hidup ku lagi,aku akan tetap memilih mu"". #Habibie &Ainun",Negatif
D257,"9. Kepercayaan penonton awam yang sudah terbangun karena film-film keren seperti 5cm dan Habibie & Ainun , akan hancur lagi karena film-film sampah.",Negatif
D258,"Keren yu sedih RT @ayuputriandira2 : Aku besok nontonnya :( RT @muthiamuchlis : Habibie ainun bikin air mata menetes""",Positif
D259,"Betul tidak RT @mstikasari : hahaha RT @ynsiregar: Orang masa kini mestinya kaya habibie & ainun , jangan baru nikah terus besoknya diceraikan",Negatif
D260,"Asyik sekali kata :D ""efekFilm"" RT@indhykhansaa: Jika kelak ku di takdirkan hidup kembali,aku tetap akan memilih mu! #Habibie &Ainun",Negatif
D261,"Cie yang habis nonton RT@intanayudautami: Film Habibie & Ainunnya menyentuh amat sekali banget :"") {}""",Negatif
D262,"Di film habibie ainun , orang Indonesia ternyata sangat mudah terprovokasi oleh media-media yang ada di Indonesia. Benar bisa jadi salah dan sebaliknya",Negatif
D263,"Juara!! RT "" @AdrieSubono : Habibie & Ainun telah memecahkan rekor perfilman Indonesia. 1,030,000 penonton hanya dalam 7 hari! Alhamdulilah!!!""",Positif
D264,"WAH RT"" @detikcom : “Habibie & Ainun” Tembus 700 Ribu Penonton dalam 5 Hari http://detik.com/3Yt3a via @detikhot",Positif
D265,"ah jelek RT@husein_saefudin: Habibie-ainun rul berangkatin RT @vharul : yuk ah nonton RT@PudingCTC: Hobit rul keren.. "" @vharul : """,Negatif
D266,RT @kompasiana : #TrendingArticles | Habibie-Ainun : Kesetiaan Lelaki Terlihat dari Kecerdasannya http://kompas.com/ADVLow,Positif
D267,"Aktingnya reza rahardiannyawanya film habibie ainun banget, butuh pendalaman karakter yang lama itu pasti ,salut.",Positif
D268,"RT @mimelinda : Masih terkagum-kagum sama aktingnya Reza Rahardian di film Habibie & Ainun .. Satu kata, professional!",Positif
D269,"Hm film habibie ainun sebenarnya bagus, tapi pemilihan perannya kurang pas *masa anak lebih tua dr papa mamanya --""",Negatif
D270,"""HABIBIE & AINUN"" bagus banget!! Salut sama aktingnya Reza Rahadian & BCL, super keren! ""Saat di bioskop kesayangan :))",Positif
D271,"Bagus ka,,pakai menangis pula hehehe RT @fithriatarissa : Bagus gak?? RT @famonce : Habibie & Ainun with ... http://tmi.com/DEsU4",Positif
D272,Setelah menonton film #TemanTapiMenikah jadi merasa bersalah ke teman sendiri. Huh huh,Negatif
D273,Sorry to say #TemanTapiMenikah kurang bagus ceritanya datar tidak ada konflik dan klimaks tapi visual filmnya bagus. Coloringnya juara.,Negatif
D274,"Kemarin banyak yang tidak setuju Iqbal berperan sebagai Dilan karena dinilai terlalu kalem (kurang nakal katanya). Sekarang Iqbal lagi heboh di beritakan karena foto ciuman pada tidak terima juga katanya Dilan kok nakal, Dilan kok jahat. #Dilan1990",Negatif
D275,"55. Rampage. Ketimbang sekadar memberikan deretan aksi demi aksi, #Rampage mencoba untuk banyak bercerita. Sayangnya ceritanya jelek dan dipenuhi teori-teori sok pintar yang terasa konyol. Hasilnya malah jadi sangat menjemukan dan tak seru sama sekali. 2/5",Negatif
D276,Gimana ya kalo kamu jadi pilotnya aku jadi co-pilotnya kaya di pacific rim . Pasti aku bisa tau memori kamu <3,Positif
D277,"Bagus RT @chrisyebororing : Ada yang sudah menonton Pacific Rim ? Gimana Filmnya, bagus ga ?",Positif
D278,"Oke oke bisa dicoba RT @Sharqie : Enak ini RT @adissttrr: Seru kagak? RT @Sharqie : aku sudah nonton  RT @adissttrr: Pacific rim bisa keknya""",Positif
D279,"ga jadi nonton deh.. RT @detikcom : Mengapa ""Pacific Rim"" Melempem di Box Office? http://detik.com/jZmk7 via @detikhot",Negatif
D280,":3 RT @TamaPranedya : Tambah GUNDAM juga :3 RT umamagafi: Apa jadinya megazord, transformer, sama pacific rim jadi 1 film? Wah keren banget",Positif
D281,"Pacific Rim bang, seru deh RT"" @MokxyJ : Film apaan? RT"" @YunidarPurba : Filmnya keren banget, nyesel kalo ga nonton. Hi hi :p""""",Positif
D282,"`@mrazino iya sih yos, agak membosankan memang. Animasinya dewa parah haha. Pacific rim siap untuk disaksikan nih romannya he he",Negatif
D283,Seru!!! Memang bukan sampe ke level menegangkan sih...tapi kayanya ini impian masa kecil tiap… ? Pacific Rim — https://path.com/p/1VXsQi,Positif
D284,"#tips kalau pengin nonton pacific rim wajib ! Harus tonton yang 3D guys , biar lebih merasa ada didalam film saranin yg imax 3D",Positif
D285,8 dari 10 buat Pacific Rim ... Demen banget sfx sama musik-musiknya.. Di tambah adegan geret kapal bikin greget :))),Positif
D286,"Buat lo LAKI yang dulu kecil gemar nonton Evangelion atau Gundam , Pacific Rim tuh kaya ngebayar lunas fantasi… — https://path.com/p/1lD836",Positif
D287,Ga seru mam RT @idsantos_94 : apa cuma aku disini yang gak tertarik sama film Paranormal Activity : The Marked Ones ?,Negatif
D288,"#AnnabelleCreation awalnya terlihat meyakinkan, namun lama kelamaan jadi tak jauh menyebalkan dari film pendahulunya. 3/5",Negatif
D289,Fix ga ada gregetnya nih film -_- ? Paranormal Activity : The Marked Ones — https://path.com/p/3s2cqL,Negatif
D290,"aku tuh ya kok ga pernah suka film ini. agak terlalu maksa gitu jadinya. PARANORMAL ACTIVITY : THE MARKED ONES https://pic.twitter.com/2snu3EYpXr""",Negatif
D291,"Film aneh banget --"" ? Paranormal Activity : The Marked Ones (at @cinema21) — https://path.com/p/4h872C",Negatif
D292,"tegang sepanjang film RT""@tattaarinda : Asik, next week ya Mas :D "" @avicenna_topenk : @tattaarinda elysium http://twitter.com/15mlRFg """,Negatif
D293,Elysium .... Entah film apa itu hahaha (@LOTTEBintaroXXI - @cinema21 w/ 6 others) http://4sq.com/14Ro6gn,Negatif
D294,"Ya Allah, kenapa engkau memberikan cobaan film Elysium kepada Moviefreak yang lagi minim budget",Negatif
D295,"nih film makanannya dapat banget.... dan kemampuan pemeran utamanya gak yang ""super"" banget ? Elysium — https://path.com/p/2ptOFJ",Positif
D296,"#elysium film humanisme + sci-fi yang berbumbu action. Pesan moralnya kena banget, menyindir orang bergelimang harta yang… — https://path.com/p/3eZStJ",Positif
D297,"Film tentang pengorbanan, untuk jutaan penduduk bumi.. Seru!!! ? Elysium (at @cinema21 ) — https://path.com/p/32JfPl",Positif
D298,Sindiran atau saran buat kedokteran mungkin ini film . Misi kemanusiaan yang kena banget. ? Elysium — https://path.com/p/4C8BzR,Positif
D299,Iya San..hehehe keren filmnya meski di awal seperti terlalu sadis ;D RT @awajisan : arhcha wah asik :p lumayan filmnya elysium,Positif
D300,"Keliatan kumuh tapi realistis untuk film sci-fi, keren. ? Elysium — https://path.com/p/KcGty",Negatif
D301,Genius banget yang buat film Elysium astaga kok aku ketakutan ya nontonnya ??,Negatif
D302,"Jadi kurang tertarik sama Carrie setelah tau ternyata itu cuma film recycle yang dulu udah pernah tayang, sayang banget padahal kayaknya seru </3",Negatif
D303,"Review film : carrie . Pendapat saya untuk film ini, hm boleh lah buat sekedar film akhir pekan, tapi kalau saya lebih mengkategorikan film ini drama remaja ketimbang horror, ga da horror-horrornya… — https://path.com/p/14FjIT",Negatif
D304,Film ini dikira horor gimana gitu... ternyata bukan hantu gitu.... tapi seru ga menyesal… ? Carrie (w/ @Adrian at @cinema21 ) — https://path.com/p/fNd9V,Negatif
D305,Film psycho yang aneh dan ga jelas awal dan akhirnya x( ? Carrie (at @cinema21 ) — https://path.com/p/16QjGO,Negatif
D306,Tadi kulihat memang remake of Carrie udah di bioskop. Malas tapi nonton horror sendiri. Film asli tahun 76 sih popular dulu. Silahkan yang mau nonton tuh.,Negatif
D307,"Carrie .. Hmmmmm. Yang pasti itu bukan horror, tapi film tentang prom, dan sedikit thriller di akhir. Alurnya lambat, twistnya kurang. Buat penggemar horror sih agak mengecewakan… — https://path.com/p/42B4yu",Negatif
D308,Mampus dah ! Film Carrie keren mampus ! Keren !,Positif
D309,"Pondasi kokoh ""Carrie"" di awal roboh di pertengahan film ke belakang. Terlihat konyol. Atau karena orang belum mengenal Hugh Jackman di 1976?",Negatif
D310,"Filmnya keren.. banyak pesan moral.. mari nonton.. ? Carrie (with @Novita, @Ray, and @Fidel at @blitzmegaplex ) — https://path.com/p/28OntT",Positif
D311,Iya ini pertama kalinya sepanjang sejarah aku nonton film horror menangis banyak dapat pelajaran dari film carrie ini,Positif
D312,"Barusan liat ada film horror lagi Killer Toon. Ogah ah, kemarin nonton Carrie aja mata ditutup sebelah ewang :|",Negatif
D313,"Carrie bagus mah kak RT"" @galuhkeanu : Dan aku menyesal! Film apakah itu!! #crap #Emergo!""",Negatif
D314,"Asli.. Demi apapun juga aku tidak suka film horor... ? Mama (w/ @NallinoJS , @cdhinia , & 3 others at Blitz Megaplex MOI) — http://path.com/p/2NvPG8",Negatif
D315,film mama anjir seram banget masih kebayang setannya ka!!?!!,Positif
D316,"Kak @foreethatehsusu kita mesti banget nih nonton film horor ""Mama"" seram.. http://myloc.com/raEDK",Negatif
D317,"Memang iya kan ga terlalu seram kan filmnya hi hi RT @Harry84Boy : Kata dia gak seram » @AdrienResya RT @Yahoo_ID : 10 fakta seputar film ""Mama""",Negatif
D318,"Film MAMA sukses bikin takut sendiri astaga : | jadi parno mau melakukan sesuatu, setannya ... ? Mama — http://path.com/p/wdUCm",Positif
D319,"Entah kenapa aku merasa film MAMA agak lebay ya..Coba kalo si MAMAnya itu gak bisa menyentuh manusia,mungkin bisa lebih diresapi sebagai makhluk gaibnya",Negatif
D320,"Sudah ada mantap abis filmnya haha RT @sandraaadi : Udah ada ya kebbi? @st_ftmh : Itu film ""MAMA"" horor abis!!",Positif
D321,"Persis banget? RT @MeggaNavita : Film luar,udah ada di bioskop RT @NONAKIKY : Film indonesia ya itu? RT @MeggaNavita : Film ""Mama"" sama persis kaya ceritanya ""Insidious""",Negatif
D322,"Btw, jangan nonton film Mama sendirian. Ga baik buat jantung. Parah! Horror abis Mama-nya --""",Negatif
D323,"Demi apapun ini film ""mama"" seram mampus :| (with @aidharosadi at @cinema21 ) — http://path.com/p/3dugcI",Positif
D324,"lumayan seram ternyata om.RT @jokoanwar : Udah lama ga jerit-jerit nonton film horror. Terima Kasih, MAMA",Positif
D325,Gara-gara film MAMA terus ditakut- takutin sama mas @yudacastelo jadi parno di loker sendirian hi,Negatif
D326,"--"" RT@Ndra_Neeh : Parno itu adalah liat kupu-kupu nempel di dalam kamar yang tertutup rapat setelah nonton film ""MAMA"",masuk lewat mana tuh kupu-kupu ya?",Negatif
D327,"lumayan buat terapi jantung say RT@_IkkaVH: Film 'nya bagus gak say ? RT @dherynlaza : Menonton "" Mama "" untuk kedua kalinya di @blitzmegaplex ",Positif
D328,"haha payah, penakut :p RT @Oktaaaaav : Film mama bikin jantung aku ingin copot o__o  Abis si @Arvan_Persie aku remas kalo pas ada hantunya",Positif
D329,"Nah ini baru film ! Ga kaya tadi, uweks.. #Dikerjain :( ? After Earth — https://path.com/p/YhzQ9",Positif
D330,"Nih si hitam dari jaman film The pursuit of happiness, karate kids sampe after earth selalu keren ga bosan-bosan.",Positif
D331,"Kaset aku wkwkwk "" @suryantosagala : Keren nih film ""After Earth"". Film motivasi yang ceritanya memiliki banyak pesan yang baik (y)""",Positif
D332,Masih bingung dengan film ini ? After Earth (at Casablanca Mansion) — https://path.com/p/2uRfwt,Negatif
D333,"Kurang greget ini film . Jauh sama filmnya di MIB 1, 2, 3 atau Bad Boys 1, 2. Ratingnya 5/10. Haf ? After Earth — https://path.com/p/2sAujX",Negatif
D334,Yang membingungkan dari film after earth itu.... Bulat bulat yang kegunaannya pengganti oksigen,Negatif
D335,Akhirnya selesai juga nonton ini film ! Kerennya pake banget JADEN SMITH alah gantengnya ? After Earth — https://path.com/p/4kbdtA,Positif
D336,"Filmnya standar...musuhnya cuma binatang satu ekor,… ? After Earth (w/ @robertrocky & @Lidya at @blitzmegaplex ) — http://path.com/p/nKG0k",Negatif
D337,Keren film baru after earth ! Harus nonton,Positif
D338,Menangis kelar nonton film ini.. film yang berdasarkan Ide will smith ini benar-benar tentang puncak… ? After Earth — https://path.com/p/2jInay,Negatif
D339,"After Earth gitu doang filmnya, kurang seru! http://myloc.com/rBVNY",Negatif
D340,Tapi Film yang aku kasih bagus kan mas io RT @RioRani0 After earth gak bagus ah filmnya,Negatif
D341,"film budget yak :-D RT @nitaeuy : Rugi nonton After Earth , sepanjang film yang ada cuma 2 org... :|",Negatif
D342,Info bagus RT @WitwickyCurse: After Earth seru banget! @Audya_Regina : Yang sudah nonton acung jarinya dong! Seru ga film 'nya? Tiba tiba pengin nonton,Positif
D343,ini film keren banget! wajib tonton .. alan turing salah… ? The Imitation Game (w/ roni at Premier Senayan City) — https://path.com/p/Y8X9Y,Positif
D344,Terjebak dalam film yang mengharuskan berpikir keras… ? The Imitation Game (w/ Resa at XXI Cinere Bellevue Mall) — https://path.com/p/aiuTo,Positif
D345,"Film kalau anak IT bilang Kriptografi… ? The Imitation Game (w/ @Yohana, @Ninta, & @IreneAnasthesia at @cinema21 ) — https://path.com/p/13TbSb",Positif
D346,Film yang belakangan ini aku tonton bergizi semua ya. :3 - Boyhood - Whisplash - Nightcrawler - The Imitation Game Juaranya Whiplash,Positif
D347,Belum ada posternya di path.. film yang cuman keren bagi yang suka… ? The Imitation Game (w/ @mamakyimi at @cinema21 ) — https://path.com/p/2HWFhI,Negatif
D348,Film yang bikin mikir (banget) tapi keren (banget) ? The Imitation Game (with @Agung at @cinema21 ) — https://path.com/p/3P0dqx,Positif
D349,"Yang suka film berat, mikir, dan keluar bioskop pusing. tonton deh the imitation game , film di awal tahun 2015 yang bagus banget!",Positif
D350,Salah Satu film terbaik Tahun ini! Maaf ya! aku nonton duluan … ? The Imitation Game (w/ @kutzna at @cinema21 ) — https://path.com/p/3T6Iqd,Positif
D351,"Oy, penggila IT (Security/Networking) Rekomen Film : "" The Imitation Game "" http://twitter.com/1ylcjZO via: @BekasiUrbanCity",Positif
D352,"`@INDIKA9160FM filmnya rekomen banget bro , the imitation game .. menyesal banget kalo ga nonton #MovieOfTheWeek",Positif
D353,"Setuju! RT@ipeh_heidy: Udah pada nonton film scarlet johanssen yang baru belum #Lucy ,keren banget science fiction gitu, bagus,gak menyesal #Rekomen",Positif
D354,Memang dasar otak ga sampai kali ya.. ga mengerti sama ini film … ? Lucy (w/ @abdielktg at Blitz Megaplex - Central Park) — https://path.com/p/2zq5aH,Negatif
D355,"Hi hi hi ceritanya mirip-mirip kayak film ""carrie"" versi sains hi hi hi … ? Lucy (w/ @ogieanakbaik at Blitz Velvet) — https://path.com/p/2h9tY2",Negatif
D356,"Jadi inti film "" LUCY "": Jangan terlalu sering pakai otak, sebentar lo jadi flashdisk :)) (at @cinema21 ) — https://path.com/p/3IkHV1",Negatif
D357,Bagi pecinta film .. Film LUCY .. rekomen banget.. apalagi yang suka ilmu pengetahuan tentang otak.. Keren banget..,Positif
D358,Kocak sial filmnya mending film ini daripada film lucy yang kemaren aku tonton,Negatif
D359,"Gara-gara kemaren nonton film "" lucy "" jadi aja kebawa parno sesaat pas tadi imigrasi cek hihi (at @cgk_ap2 ) — https://path.com/p/3HaMAg",Negatif
D360,Sudah nonton film lucy ? Bagian terlemah dari tubuh manusia tapi memiliki kekuatan pengendalian terbesar adalah otak https://pic.twitter.com/uhMG1uWgKf,Positif
D361,"Habis nonton film "" LUCY "" & kagum dengan kekuatan super serta hipotesis ilmiahnya. :D (@Djakarta Theater XXI) https://www. swarmapp.com/mirzablue/checkin/53f5fe74498e261a715af547?s=TGlkjSDHwx0hl0pKlaUW6k6PoDE&ref=tw …",Positif
D362,Film tercerdas tahun ini ? Lucy (with @awansyaputra18 at XXI Blok M Plaza) — https://path.com/p/1IKms9,Positif
D363,"Setuju sih sama pesan film Lucy , kalau tujuan hidup itu untuk legacy. Setuju banget",Positif
D364,Jantungnya copot gak? hahaha RT@Mhmdrohadi : film annabelle gak seram cuma bikin jantungan doang,Negatif
D365,Oke! aku akhirnya tau kenapa lo bilang film ini rasis! Wkwk ? Annabelle (with @mpazzhole at @cinema21 ) — https://path.com/p/s5JoC,Negatif
D366,"Siap-siap tutup mata sepanjang film .… ? Annabelle (w/ @rachmat_al , @adindaadprila_ , & @agung_darmaji at @cinema21 ) — https://path.com/p/pT4ti",Negatif
D367,Film Annabelle lumayan bikin kaget juga hahaha,Positif
D368,RT @ronzzykevin : padahal aslinya Annabelle gak se busuk yang di film sih lucu https://pic.twitter.com/NeQmfECfQF,Negatif
D369,"Annabelle tidak jelas filmnya anjir --""",Negatif
D370,Nonton film lucu dulu sebelum istirahat ? Annabelle — https:// path.com/p/4FigMV,Positif
D371,RT @979FeMaleRadio terakhir nonton itu film annabelle . seram. #happymorning,Positif
D372,"Ini film menurut aku ga horor banget, tapi bikin spot jantung. #Annabelle http://twitpic.com/echyzy",Positif
D373,"#review film Annabelle, intinya rapi, semua di susun rapi tidak ada yang terburu - buru, timelinenya pas atau tidak janggal, dan terornya dapat https://pic.twitter.com/BfDP52Kf00",Positif
D374,"Sumpah nih film , ga ada romantisnya... ? Annabelle (with @Imelda and @Marihot at @tatankhan ) — https:// path.com/p/BN0za",Negatif
D375,Asli lebih merinding nonton film horrornya Suzzanna dari pada annabelle atau ouija,Negatif
D376,"Ini film seramnya dimana --"" di ulang-ulang sama aja ah ~ ? Annabelle (at Perumahan Duta Kranji) — https://path.com/p/odgyC",Negatif
D377,Aku berani RT @anna_fat21 : bagaimana? RT @riamnks Akibat gak suka film horror hari gini baru nonton annabelle bareng @anna_fat21 ...itu pun pake di tutup mata,Negatif
D378,aku kalo melihat jendela kamar suka teringat yang pas di film Annabelle,Positif
D379,"Kritikus film bilang film ini tidak seram. Tapi baru nonton beberapa menit durasinya, aku dah spot jantung. Mungkin karena aku penakut. #annabelle",Negatif
D380,"Film Annabelle bakalan kalah seramnya sama orang yang pacaran bilang ""Aku tidak bisa hidup tanpa kamu"" dannyatanya setelah putus ga mati mati",Negatif
D381,film annabelle ga terlalu seram .tapi membuat kaget,Positif
D382,Ini film gak ada seru-serunya !!!! ? Annabelle (with @ayuningnong at @cinema21 ) — https://path.com/p/2vXUdJ,Negatif
D383,Lumayan seram sih RT@askfm_Indo : #askfm Menurut lo film Annabelle seram gak ?,Positif
D384,Film annabelle itu lucu yah :-D sampai buat si abang teriak =)) aku aja diam :-P :-D,Positif
D385,"Benar kata orang-orang ya kalau film annabelle yang ini bikin jantungan --""",Positif
D386,"Biasa aja ah RT@dindinNOV : Benar kata orang-orang ya kalau film annabelle yang ini bikin jantungan --""",Negatif
D387,Aku kira itu filmnya wah tapi klimaksnya aja gak berasa #Annabelle (at Cinema 21 Cilegon) [pic] — https://path.com/p/3tml6G,Negatif
D388,"@dewiyuliaaa_ , linda, purbo Tft banget buat hari ini. Puas ya kita ketawa-ketawa dengan film annabelle yang LUCU PARAH(?)!!!!!HAHAHA",Negatif
D389,"Sebenarnya gasuka dan ga pengin nonton nih film , cuman kepo aja… ? Annabelle (w/ ansy_ardi at XXI Puri Mall) — https://path.com/p/UG4s2",Negatif
D390,Ini film Seram sih engga cuma sadis ajaa SIAL !!!!! ? Annabelle (at @cinema21 ) — https://path.com/p/4jZ4DX,Negatif
D391,Lebih seram hidup sepi daripada Film horror The conjuring atau AnnabeLLe *udah gitu aja *teparah *bye!,Negatif
D392,Sumpah ini film lebih seram dari pada counjuring edun habis film ini rumah… ? Annabelle (at Cinema 21 Cilegon) — https://path.com/p/GilcC,Positif
D393,"Wajar sih, memang pecah gila tuh film RT @987Genfm : Ga sampai 2 minggu tayang dibioskop, film ""Comic 8 "" tembus 1 juta penonton uh .. nih",Positif
D394,"Dan kalian tau kalo film comic 8 itu lucu total keren abis dah, ini rekomendasi buat kalian kalau mau nonton tapi bingung mau nonton apa :)",Positif
D395,"review sebentar tentang film Comic 8 , kocak dan akhir film yang ga ketebak. sekian review dari saya. (at @pondokindahmall ) — https://path.com/p/27LHkF",Positif
D396,"Surga Yang Tak Dirindukan . Film yang bagus, banyak hikmah didalamnya.. Tapi, saya dini bukan Mbak… (at @cinema21 ) — https://path.com/p/BmGcs",Positif
D397,Senang!! Hari ini dapet banyak pelajaran dan motivasi dari film surga yang tak dirindukan,Positif
D398,"Bagus tau ini filmnya.-.  RT @hani_vernan : Ingin nonton 99 cahaya di langit eropa mas --""",Positif
D399,"Keren banget film 99 cahaya di langit eropa , benar-benar bikin aku bangga sama islam sama agama ku {}",Positif
D400,Keren banget 99 cahaya langit di eropa ... Lanjut part 2nya nanti ... (with Nurzenah at @cinema21 ) — https://path.com/p/1yiqDZ,Positif
