D1,"Kolaborasi seru @KineriaMovie : Angga Dwimas Sasongko Siap Garap ""FILOSOFI KOPI"" http://www.kapanlagi.com/showbiz/film/i ndonesia/angga-dwimas-sasongko-siap-garap-filosofi-kopi-333b35.html � @FILM _Indonesia @anggiakharisma",Positif
D2,"Wah :)) Filosofi Kopi harus sama bagus nya atau lebih @MirLes : @anggasasongko @GlennFredly Anggia, Film Cahaya Dari Timur bagus! @kineforum",Positif
D3,"Pada heboh film filosofi kopi akhir-akhir ini, padahal pers nya sama cerita nya sudah buming semenjak bulan november di senayan .. Pada telat update ..",Negatif
D4,"Yakin di film in?? RT @OhKutipanBuku : Teaser poster untuk film Filosofi Kopi !!!!!! https://pic.twitter.com/1kFOm8aDds""",Negatif
D5,"RT @looohh : Rio Dewanto: Penonton Film  ""Filosofi Kopi The Movie"" Bisa Dapat Pengetahuan Tentang Kopi http://dlvrit.com/83Dxkb ..""",Positif
D6,oh .. jadi mau ada film baru yang berasal dari novel judul nya Filosofi Kopi . Pokok nya aku wajib tonton!,Positif
D7,"Bacaan sore tentang Filosofi Film eh, Kopi RT @candra_aditya : Moral Berharga Yang Aku Dapatkan Dari Film Filosofi Kopi http://www.provoke-online.com/index.php/candra-aditya/9946-moral-berharga-yang-gue-dapatkandari-film-filosofi-kopi �",Positif
D8,"""Filosofi kopi 2 : Ben & Jody"". Buat aku ini bukan cuma sekedar film . Karena dari awal aku terbuka dan menjadi punya perhatian yang sangat besar di Industri Per KOPI an Indonesia.� https://www.instagram.com/p/BWfmRjVDJ6Q/",Positif
D9,"Keren-keren ini pemain film Filosofi Kopi 2, istimewa nya lagi bisa menikmati screaning film nya� https://www.instagram.com/p/BWKe39hl6_r/",Positif
D10,"sekuel filosofi kopi dibuat menarik nya, film ini tidak hanya terjebak dalam satu lokasi saja, melainkan juga akan mengunjungi tempat-tempat khusus seperti Bali, Yogyakarta ..#filosofikopi2 https://www.instagram.com/p/BO9zXL0Af_5/",Positif
D11,Oke. Tahun baru banyak film Indonesia bagus. Pengin menonton Filosofi Kopi,Positif
D12,Menghilangkan penasaran sama Kopi Tiwus. Kaya di film nya gitu. Haha (at Filosofi Kopi ) � https://path.com/p/3EIzVm,Positif
D13,Sudah tonton film filosofi kopi ? Belum afdol kalau belum ke kafe nya langsung!� (w/ Tommy at Filosofi Kopi ) [pic] � https://path.com/p/4lzyYS,Positif
D14,"omong-omong perawi film Filosofi Kopi itu siapa? jangan-jangan dhaif, jadi tak persis seperti novel nya.",Negatif
D15,Beda beda tipis lah ganteng nya. Akting Rio bagus banget di film Filosofi Kopi . Kamu harus tonton� https://instagram.com/p/2dDA5TQ785/,Positif
D16,"Makasih filosofi kopi , film ini hebat!",Positif
D17,"Filosofi Kopi & Guru Bangsa belum di tonton, film bagus Indonesia yang lain sudah mau tayang :(",Positif
D18,"saya tidak terlalu suka film indonesia, tapi waktu menonton filosofi kopi ini keren! wajib tonton ya ,apalagi pecinta kopi cc @filkopmovie",Positif
D19,Rekomendasi: Film filosofi Kopi keren sampai menonton 2x begini ini (with Mom at @cinema21 ) � https://path.com/p/3Dwwaj,Positif
D20,"hidup ini gak sempurna ya begini ada nya #Filosofi Kopi Tiwus, keren banget film nya @GlennFredly",Positif
D21,Masih sedang berlangsung film filosofi kopi satu yang aku dapat adalah. Kuku jempol chiko jeriko jelek :)),Negatif
D22,"Tonton film indonesia "" filosofi kopi "",mata pegal layar nya gerak-gerak� (w/ Kiko, Caroline, & BerthaRia at XXI cipinang Indah Mall) � https://path.com/p/49XGnO",Negatif
D23,"Ayo RT @maulidash : Ayo bitra RT @KopiID : Bagi para pecinta kopi , film ini masuk kategori wajib tonton; ""Film Filosofi Kopi""",Positif
D24,The secret suster ngesot urban legend itu film horor apa iklan mobil,Negatif
D25,"""The Secret : Suster Ngesot Urban Legend"" Pengorbanan Cinta Berujung Petaka Kepul http://hotdetik.com/read/2018/04/25/114708/3989688/229/the-secret-suster-ngesot-urban-legend-pengorbanan-cinta-berujung-petaka",Negatif
D26,"The Secret Suster Ngesot Urban Legend batal tayang di daerah Palopo, Sulawesi Selatan setelah diprotes oleh asosiasi perawat karena penggunaan kata ""suster "". Kalau judul FTV Indosiar: Akibat Kebanyakan Gimmick dan Settingan, Film ku Di boikot dan Batal Tayang https://pic.twitter.com/ozzSSWv7bz",Negatif
D27,Ih Ngeri.. Ada Yang Kesurupan Saat Promo Film The Secret - GO SPOT https://youtube.com/BP-PKca5_Y8 lewat @YouTube,Negatif
D28,Iklan film the secret saja bikin seram tidak mau liat kanan-kiri kalau lampu kamar sudah mati. Apa lagi menonton nya huh,Negatif
D29,"Selamat kak raffinagita1717 untuk film ""The Secret Suster Ngesot Urban Legend"" film nya banyak rasa nya lucu,baper, sedih juga nonton ya besok 26 april di bioskop kesayangan kamu https://pic.twitter.com/WuwAidUOov",Positif
D30,"Nagita Slavina Ternyata Terpaksa Bermain di Film Raffi Ahmad, The Secret Suster Ngesot http://dlvrit.com/QQwrt6",Negatif
D31,: saya : teman saya : eh pengin menonton horor deh. Saran film horor dong : itu... Yang the secret of apa tuh... Secret of suster ngen EH ngesot,Negatif
D32,Film The Secret : Suster Ngesot Dibuat dengan Logika Ngesot https://ifttt.com/2JCwkUV #perfilmanindonesia #filmindonesia,Negatif
D33,"pengin nonton the secret walaupun saya takut sama film horor apa lagi pas teman yang sudah menonton bilang seram banget saya semakin kepo kan""",Negatif
D34,Tidak sesuai ekspektasi. #Danur . (at @cinema21 ) � https://path.com/p/42L5wt,Negatif
D35,"Danur 1&2. Tidak jelas banget cerita nya, apalagi yang kedua gantung parah (tonton juga lagi saya wkwk), alur nya biasa saja, banyak yang menonton waktu part 1 karena pemasaran nya saja kali itu bagus bikin penasaran dan masuk film horor indonesia terbanyak penonton nya.",Negatif
D36,Berhasil bikin parno ? Danur (with yusuf at @cinema21 ) � https://path.com/p/4hOTe5,Positif
D37,"DANUR nya kurang seram, masih seram juga DANUR kuning pernikahan mantan . . . . . #danur #danurmovie � https://www.instagram.com/p/BSqPTEhAwA9/",Negatif
D38,Biasa saja ah ? Danur (with AhmadSyahruji at @cinema21 ) � https://path.com/p/JxfSm,Negatif
D39,Tidak seram kembalikan uang ? Danur (with Sari at @cinema21 ) � https://path.com/p/4tjRZs,Negatif
D40,Lumayan bikin takut juga suara nya tapi durasi film nya kurang panjang ? Danur (with intan at @cinema21 ) � https://path.com/p/37NnTq,Negatif
D41,"Gak ada seram-seram nya ah ? Danur (with Dwi, salsabilah, and 5 others at Gading XXI) � https://path.com/p/3HqlnP",Negatif
D42,"Mengharukan banget, sampai menangis menonton danur ,, sukses buat kak @PrillyBie semoga penontonnya� https://www.instagram.com/p/BSlrf22jbQe/",Positif
D43,"Seru dan bikin ketawa ngakak wkwk ? Danur (with Yessa, RAHADIMAS, and 2 others at @cinema21 ) � https://path.com/p/1oYFMt",Positif
D44,Tidak seram banget deh ? Danur (with Indra at Cinemaxx Mal Lippo Cikarang) � https://path.com/p/3oLPIk,Negatif
D45,"50. Danur 2: Maddah #Danur2Maddah mengalami peningkatan di banyak aspek dari film pendahulunya. Meski tidak terlalu istimewa dari segi cerita, Awi Suryadi setidak nya mampu menjaga deretan jump scare di film ini agar tetap pada jalur nya dan tak melenceng jadi film yang murah. 3/5 https://pic.twitter.com/JkjHvuJcoN",Positif
D46,Ga seram ah danur .... (with Debby at @teraskotabsd ) � https://path.com/p/aTgDt,Negatif
D47,Paling malas menonton seperti ini ? Danur (with Shafa and @PUTZALLEA at @cinema21 ) � https://path.com/p/1wIM2p,Negatif
D48,"harus melewati jumlah si film ngesot yang sebelum nya kalau bisa mengalahkan danur kalau tidak mah berani-berani tapi ujung nya ditertawakan jadi bahan ""ejekan"" baru setelah rafathar...ya minimal lebih dari rafathar ..",Negatif
D49,Hahahahhahaha ekspresi kakak-kakak saya ketika menonton film Danur orang pada menonton menghadap depan� https://www.instagram.com/p/BSnZ-w0F97u/,Negatif
D50,8.... film cek toko sebelah (berniat sekali ingin menonton karena rating yang bagus) maka saya tidak akan menonton nya.,Negatif
D51,Untuk ke-5x nya menonton ini film dan tetap tidak bosan dan� ? Cek Toko Sebelah (w/ BaimBat & Andika at @cinema21 ) � https://path.com/p/17x830,Positif
D52,Untuk ke 2 nya. Cintai film indonesia. Buat yang bagus saja� ? Cek Toko Sebelah (w/ Icha & Abe at @cinema21 ) � https://path.com/p/2K8kZN,Positif
D53,"Selesai menonton film yang lucu, kocak,  sedih dan mengharukan . . #cektokosebelah � https://www.instagram.com/p/BPfTVSzDK4K/",Positif
D54,"film sederhana tapi membuat hati tersentuh.. ""harta yang paling berharga adalah keluarga""� ? Cek Toko Sebelah (w/ Maria Caroline & maryo at Gading XXI) � https://path.com/p/4pzAUD",Positif
D55,Salah satu film Indonesia yang sukses bikin & hebat! Keren� ? Cek Toko Sebelah (w/ Intan at @puri_indah_mall ) � https://path.com/p/1vljDW,Positif
D56,Habis menonton cek toko sebelah film oleh @ernestprakasa .. film yang kocak dan penuh makna.. @Cinema� https://www.instagram.com/p/BO4h8fHBchK/,Positif
D57,"Menurut saya sih film hangout nya radit kalah sama film cek toko sebelah nya ernest, lebih lucu� (at Gading 21) � https://path.com/p/3kBaSz",Positif
D58,"Cek Toko Sebelah , salah satu film Indonesia yang gue tonton 2x. Tonton sendiri� (w/ Rachel at @cinema21 ) [pic] � https://path.com/p/ciSaX",Positif
D59,"Sebuah kebanggaan bagi DC dan WB. Karena sebelum film DC yang telah di produksi mengalami kegagalan, seperti Justice league dan Suicide Squad .",Positif
D60,Nonton film yang kata nya rating nya jelek ? Suicide Squad (with jayanti at @cinemaxxtheater ) � https://path.com/p/2dtwVM,Negatif
D61,"Oh My God! Film ini musuh nya tolong jangan terlalu jelek ya, bikin pengin muntah. Will Smith charming abis dan Margot berhasil menjadi pencair suasana.  8,5/10? Suicide Squad (w/ Ayu at @epiwalk ) � https:// path.com/p/4aM7Uw",Positif
D62,Gak seru ah.. Cerita nya klasik banget dan mudah ketebak ? Suicide Squad (with Lia and Fadhila at @cinema21 ) � https://path.com/p/570Dj,Negatif
D63,Baru menonton udah basi banget ? Suicide Squad (at Pt Ace Bio Care) � https://path.com/p/3by6FK,Negatif
D64,Ada 8 kali nonton sumpah tidak bikin bosen karena di dalam film ini begitu banyak  cinta :D� ? Suicide Squad (at @RentZyzGames) � https://path.com/p/1cCrqc,Positif
D65,"Nah ini film yang anti mainstream penjahat lawan penjahat ? Suicide Squad (at @globaltvseru ) � https://path.com/p/2PjMS9""",Positif
D66,"diawal film tidak mengerti siapa saja pemain nya, agak tidak menyambung sama jalan cerita nya :D� ? Suicide Squad (at @cinema21 ) � https://path.com/p/1VjIJG",Negatif
D67,"Film Suicide Squad itu, kaya tampang pacar kamu.. Biasa",Negatif
D68,"Penasaran sama ini film yang kata nya bagus banget� ? Suicide Squad (w/ Yuni, fathimaafp, & aprillia at XXI pejaten village) � https://path.com/p/1AAhZY",Positif
D69,99 cahaya di langit eropa . Tidak terlalu bagus. (@Detos 21 - @cinema21 w/ 6 others) http://4sq.com/1dHyqfQ,Negatif
D70,99 cahaya di langit eropa bagus banget..orang menonton eh @rickyrechez malah tidur (with @rickyrechez at @cinema21 ) � https://path.com/p/184Zs5,Positif
D71,"Film inspirasi banget, 99 Cahaya di Langit Eropa :')",Positif
D72,Menetes air mata liat film ini 99 cahaya di langit Eropa . Banyak banget pelajaran nya (at Karawang) [pic] � https://path.com/p/3mDHcX,Positif
D73,Tau saja kak RT @Aprilahfadiyah1 : Nanti stefen yang sering makan daging babi di film 99 Cahaya di langit eropa 2 di tabrak mobil,Negatif
D74,Karena tidak ada film terpaksa nonton 99 cahaya di langit eropa . Padahal mah najis banget menonton nya,Negatif
D75,99 Cahaya di Langit Eropa adalah film Indonesia terbaik yang pernah saya tonton setelah Rumah Dara dan Habibie Ainun.,Positif
D76,Waktu di bioskop Menonton 99 cahaya di langit eropa ....1 bioskop Menangis Hahaha Pas yang kedua nya pada menangis pijar ..pokok nya keren itu film,Positif
D77,Subhanallah. film 99 cahaya di langit eropa bagus banget. Menginspiratif + menambah ilmu keislaman saya. terima kasih @hanumrais karya yang luar biasa,Positif
D78,RT @venessaar : Subhanallah keren banget film 99 Cahaya di Langit Eropa :'),Positif
D79,Ternyata film 99 cahaya di langit eropa itu cuma setengah saja dari novel nya. Dan nanti ada yang part 2 nya..,Negatif
D80,Tenang pak .. :D RT @JusufKalla : Film 99 cahaya di langit Eropa bagus & wajib di tonton masyarakat (cont) http://twitter.com/n0t3qj,Positif
D81,Truth or Dare bagus tidak ya ? Dengar-dengar seperti Final Destinantion .. kalau benar gitu saya mundur tidak bisa nonton film genre seperti itu..,Negatif
D82,"#TruthorDare movie Ini film tidak tau genre nya apa, romansa ada, horor ada, thriller ada, sepertinya semua genre jadi satu. Terlalu mengintimidasi penonton, alias mengerikan. Kaya kita ikutan main permainan seperti itu",Negatif
D83,Truth or dare sepertinya boleh di tonton. Yaelah Sab mau sok-sokan menonton film ada pembunuhan nya gitu. Menonton nya dari celah-celah jari tangan saja.,Positif
D84,"Supernova .. Adalah film yang membuat saya berpikir keras dari pertama mulai sampai akhir, dengan kata-kata yang diksi dan perlu pemahaman o_o",Negatif
D85,Truth or dare - seru banget ini film :-D,Positif
D86,Oh begitu sebentar download deh RT @GP_MchlWeisman : Sejenis film truth or dare tapi beda banget kok RT @GP_Nick : Iya.. mirip kaya film apa?,Positif
D87,"#TruthorDare ternyata film religi. Barang siapa menjalani perintah agama, hidup nya akan terhindar dari kesialan dipaksa-dipaksa main truth or dare berujung maut. He he.",Negatif
D88,"Ini film sangat menyebalkan, awal nya keren, kenapa akhirnya tidak jelas, untung tidak menonton dibioskop� ? The Call (w/ Candita & Ajeng) � https://path.com/p/2dhDti",Negatif
D89,"Dengan cerita dan latar terbatas, #47MetersDown efektif menghantarkan ketakutan pada penonton. Sayang penutup nya sangat mengecewakan. 3,5/5",Negatif
D90,"Seringkali menyebalkan dan guyonan nya tak selalu tepat sasaran, namun sulit untuk mengatakan #TheUnderdogs adalah sajian yang buruk. 3/5",Negatif
D91,Film buluk dan bikin ngantuk. ? After Earth � https://path.com/p/2aL0Np,Negatif
D92,Tidak tau film apa tidak tau tentang apa tidak tau menonton apa� ? The Imitation Game (w/ Eka Prida Sadewa at XXI Blok M Plaza) � https://path.com/p/40L4kg,Negatif
D93,KPU Larang Film Dilan 1990 Ditayangkan di TV http://www.suaradewan.com/kpu-larang-fil m-dilan-1990-ditayangkan-di-tv/ �,Negatif
D94,"53. Arini Morgan dan Aura Kasih tak tampak seperti pasangan dengan perbedaan usia yang jauh sehingga premis utama yang ingin disampaikan jadi gagal tercapai. Pada akhirnya #Arini terasa datar. Tak ada rasa. Tak ada gelora. 2,5/5 https://pic.twitter.com/rpwt86iNCh",Negatif
D95,"#Dunkirk mempunyai sinematik nyata, skor dari Hans Zimmer yang sangat membuat tegang serta akting menawan dari jajaran pemain, namun sayang film perang ini tampak kurang maksimal dalam pemaparan perang nya (3,5/5) https://pic.twitter.com/TEAKjdKQ0H",Negatif
D96,"Cuma harus diakui, saya sulit untuk terikat secara emosional dengan karakter-karakternya karena cerita latar belakang yang sangat minim. #Dunkirk",Negatif
D97,Seru film nya.... Meski telat banget baru menonton sekarang... Hahaha ? Zootopia (at @cinema21 ) � https://path.com/p/2ShNBI,Positif
D98,Bagus.... Pantaas saja rating nya di rottentomatoes sampe 99%... Telat baru menonton� ? Zootopia (at Gading XXI) � https://path.com/p/2qmXn8,Positif
D99,"Teori Hobbes om. Ciptakan ketakutan, maka kau akan menguasai nya. Di film animasi Zootopia , teori ini dikreasikan dalam budaya populer bahkan bisa dinikmati anak-anak.. Sok atuh di tonton.",Negatif
D100,"Penasaran banget sama film ini yang kata nya lucu � ? Zootopia (w/ @Devlina, Sonya, & 2 others at @cinema21 ) � https://path.com/p/YMeZq",Positif
D101,"Kesimpulan dari film ini adalah jangan percaya domba berbulu halus yang lembut, Fox alias rubah yang penampakan luar nya ganas,malah baik hati *_*� ? Zootopia (w/ Danar at @cinema21 ) � https://path.com/p/4mAZQ3",Positif
D102,Kita sudah cukup tua sebenarnya buat menonton film ini ? Zootopia (with Tyas Ari at @cinema21 ) � https://path.com/p/1OzF42,Negatif
D103,"Pantes saja rating nya 8,4. Ternyata memang bagus film nya, terbaik versi film animasi tentang atau cerita nya tentang Binatang. Semua umur bisa tonton pula. Aku yakin ini film bisa mengalahkan Trilogi nya Madagaskar....? Zootopia (at Taman Banten Lestari) � https://path.com/p/2O4Cg1",Positif
D104,Film animasi seperti ini yang seharusnya diperbanyak!! ? Zootopia (with Nastiti at XXI Taman Anggrek) � https://path.com/p/4bP63T,Positif
D105,Bagus banget ya film nya. ? Zootopia (with Braven at @cinema21 ) � https://path.com/p/10XRPO,Positif
D106,Senang banget menonton zootopia Film nya suka ih.. #seharianngemall � (w/ Aryo at @cinema21 ) [pic] � https://path.com/p/3KOtxP,Positif
D107,"Film horor yang berbiaya murah, biaya produksi gak sampe 10 juta dolar tapi sudah box office di seantero ???? dengan meraup lebih dari 35 juta ???? dolar.. #EnjoyThen� ? Don't Breathe (at @cinema21 ) � https://path.com/p/3cznq",Positif
D108,"Film bangkai tidak bisa menonton tenang Usulan siapa sih ini tonton seperti ini --"" :""� ? Don't Breathe (w/ Renata, Andry, & 2 others at One BelPark XXI) � https:// path.com/p/2rAUPo",Negatif
D109,"Terandom menonton jam jam rawan ini spot jantung 2x karena film dan papasan sama orang random :"" :)� ? Don't Breathe (at @cinema21 ) � https://path.com/p/2k9PrP",Negatif
D110,"Gara-gara ini film tidak jadi tidur , bikin tegang saja ? Don't Breathe (at dewa ciracas) � https://path.com/p/24ZOJj",Negatif
D111,yang punya penyakit Jantungan.. Jangan tonton film ini ya #dontbreathe � ? Don't Breathe (at Purnawarman Residence Kav. 5) � https://path.com/p/R7u5O,Positif
D112,Benaran jadi susah napas nonton film ini ? Don't Breathe (with @Galih at @cinema21 ) � https://path.com/p/3zWdnO,Negatif
D113,Tegang parah ini film :') ? Don't Breathe (with @Ani at @cinema21 ) � https://path.com/p/4Clyx6,Positif
D114,Film yang bikin capek habis nonton Tegang banget dari awal sampai akhir ? Don't Breathe (w/ Yusak & oim at @cinema21 ) � https://path.com/p/2QrF5D,Negatif
D115,"Lebih hina bikin kaget nya,. dari pada film hantu #boleh Di Coba di tonton memperturutkan mau nya pacar tersayang #malam minggu Kita :) � ? Don't Breathe (w/ Sekar Prabashanti at @cinema21 ) � https://path.com/p/2Zo8tg",Negatif
D116,"Pegel sekali ini film . 7.5/10 omong-omong, bukan horor tapi bikin kaget dan ngos-ngos-an lah Anjay pokok nya --""� ? Don't Breathe (w/ Debbial at @cinema21 ) � https://path.com/p/kCQqe",Positif
D117,"Kalau kamu berharap ini bakal seperti Jumanji atau Ouija , Lupakan! Ular tangga cuma sekedar pemanis dan kambing hitam"" yang di bikin supaya kelihatan beda sama film horor indonesia lain. Terus kenapa ada lagu Lengsir Wengi juga coba??? Satu-satu nya yang bagus cuma akting nya Danish Skor: 4/10 https://pic.twitter.com/7TdshkYkY5",Negatif
D118,Film apaan ini?? tidak ada seram-seram nya... ? Ouija : Origin of Evil (at Mana saja Boleh Yang Penting Happy) � https://path.com/p/2pxa45,Negatif
D119,"Jijik banget ini film !!! Mengesalkan!!! Dari awal sampai akhir tidak dikasih napas gila� ? Ouija (w/ Ibrohim at Platinum Screen XXI, Margo City) � https://path.com/p/39CTx2",Negatif
D120,"Apa-apaan sih film ""Ouija"" ini... horor kelas teri, membosankan.",Negatif
D121,"Cowok dua orang sebelah saya menonton film seperti ini saja tutup muka, yang satu pake tangan yang satu pake topi� ? Ouija (at XXI Taman Anggrek) � https://path.com/p/v6IxH",Negatif
D122,"Ingat dong ini film horor bukan film drama, jangan senyum senyum nonton nya :p ? Ouija (with prm at @cinema21 ) � https://path.com/p/4CGBLN",Negatif
D123,Ouija film berdurasi 89 menit bikin satu studio terkaget kaget Terima Kasih pesek @alicemutiara,Positif
D124,"Untuk kedua kali nya ini kita mbak nonton ini film ,semoga tidak ada yang tarik-tarik keluar teater,biar bisa nonton sampai akhir ya :D --""� ? Ouija (w/ Ulfaziah at @cinema21 ) � https://path.com/p/2ShndQ",Negatif
D125,NAH ITU KESIMPULAN FILM OUIJA ! RT @naddevdes : @Tivamns_  jangan percaya sama nenek nenek/?,Negatif
D126,"Dilampu gantung tolol RT @hadipratamas : @hendrian30494 lo saya bergerayangan kalau saya mati,terus saya gantung di pohon cabe biar kaya film ouija #mati ",Negatif
D127,"Indonesia masih menjuarai kalo masalah film - film horor, hanya kualitas gambar yang membedakan nya :)� ? Ouija (at @cinema21 ) � https://path.com/p/1Qx8D0""",Negatif
D128,"Film gak mutu...maksud nya mau science fiction, tapi science- tidak dapat, fiction-nya juga tidak jelas... #edisinontonsamamyangel� ? The Divergent Series: Allegiant (at @21cineplex ) � https://path.com/p/1BVQ93",Negatif
D129,Kata orang-orang film nya tidak bagus.. Tapi buat saya bagus kok.. Saya suka!! Seru malah.. Penutup soundtrack nya bagus.. Si neng Selena Gemez bukan sih?? #eh ;D 7.8/10 � ? The Divergent Series: Allegiant (at Platinum Screens) � https://path.com/p/BUaTF,Positif
D130,"Tidam mau menghakimi karya dari ratusan orang di balik film menghibur. Toh saya cuma bayar 35K IDR saja � ? The Divergent Series: Allegiant (at One BelPark XXI) � https://path.com/p/5C3wi""",Positif
D131,"Dialog sepanjang film ditambah tambahan dialog dari Fithry yang durasi nya sepanjang film juga ""Ya Allah Tar Four ganteng banget"" � ? The Divergent Series: Allegiant (w/ Fithry at @cinema21 ) � https://path.com/p/1wVZst""",Positif
D132,Gantung saja terus ini film ? The Divergent Series: Allegiant (with Dominic at @cinema21 ) � https://path.com/p/4l8rGQ,Negatif
D133,Sudah menonton insurgent terus baca allegiant itu rasa nya aneh. Habis insurgent buku sama film beda banget,Negatif
D134,Kelamaaan dek. Bagus novel nya tidak terduga banget apalagi yang allegiant RT @aghitsa_zirra: @Anindhita_25 ada film nya juga... Menunggu,Negatif
D135,"RT @bhimapasanova : RT @RezhaNusantara: @soyidiyos coba tonton film falcon and the snowman , biar kamu makin benci sama CIA :) http://myloc.com/riInf",Negatif
D136,"Malam jumat menonton film horor, tapi film nya jelek ? Rings (at @cinema21 ) � https://path.com/p/3xJyMI",Negatif
D137,Buset dah dari awal sampai habis ini film boros dah ah ? Rings (at @cinema21 ) � https://path.com/p/4GuMs0,Negatif
D138,"Agak malas sih ,, berhubung cuma ini yang belum di tonton film nya hahaha ? The Bye Bye Man (at @cgvblitz ) � https://path.com/p/fRzvb",Negatif
D139,"45. Pacific Rim: Uprising Jika tayang 20 tahun lalu, #PacificRimUprsing tentu jadi tontonan yang menganggumkan.Namun karena ini 2018, jatuh nya jadi sekedar ajang pamer efek visual dengan kisah yang tipikal dan membosankan. 2,5/5",Negatif
D140,Apalagi kalo ada yang ke 2 nya :3 RT @AnggaraSopanR: Tidak bosan-bosan menonton Pacific Rim . Keren banget ini film ,Positif
D141,"Keren itu ken walaupun mungkin kaya film ultraman, musuh nya monster-monster dino gak jelas hehe RT @KennyAnindio Fix pacific rim , next list",Positif
D142,"Habis menonton ""pacific rim"". Sumpah ini film keren banget.. https://pic.twitter.com/VWdcc2cyor",Positif
D143,Kemarin menonton film action ini... Eh masa ada yang menangis hahaha :p ? Pacific Rim (with @muliyarahma ) � https://path.com/p/Dpjpz,Negatif
D144,":'( :'( RT @amrazing : Agak sakit hati liat film sebagus Pacific Rim baru dapet 52,2 juta dolar di Amerika.",Negatif
D145,"Kenapa sih monster di film Pacific Rim dinamakan Kaiju, seperti nama pokemon bukan sih? Tidak ada seram-seram nya",Negatif
D146,"Film tidak jelas lebih baik film si KOMO RT @detikcom : ""Pacific Rim 2"" Telah Diumumkan Tanggal Rilis nya http://detik.com/Vq4Sb6 ",Negatif
D147,Dua film di bulan maret yang cukup bikin capek....kalau pacific rim uprising itu berasa kita lari lari nya mengendarai robot penuh aksi dan perjuangan....pokok nya paling bagus banget deh....keren 100% bikin ketagihan tonton lagi ... https://www.instagram.com/p/BhE0gaCAbqi/,Positif
D148,Kalo kata penikmat film sih ini bagus.. #dunkirk #dunkirkmovie #hollywood #goodmovie @Taman� https://www.instagram.com/p/BW7TudngTa3/,Positif
D149,"Tidak terlalu hype sih sama ini film , menceritakan jaman WWII yang kejadian nya di Dunkirk , tapi karena yang sutradara nya Christopher Nolan, otomatis saya nonton, fans berat film-film dia.#dunkirk #wwii� https://www.instagram.com/p/BWz-1U3FARB/",Negatif
D150,"DUNKIRK OH my Nolan kelam kali pun, film epik yang juga emosional yang di kemas elegan dan sederhana sayang nya tanpa rasa Nolan yang biasanya memaksa menyita perhatian khusus memperhatikan cerita dengan seksama #dunkirk ... https://www.instagram.com/p/BWzlWCvA4SC/",Positif
D151,Semoga film Dunkirk yang dibintangi tom hardy tayang di xxi. Aktor kesukaan,Positif
D152,"Oh iya ya pada dasar nya memang gak suka yang fantasi-fantasi begitu. Monster-monster, terus genre action yang kejar-kejaran sepanjang film . Pasti ketiduran. Dua kali begini soal nya. Nonton Fast&Furious terakhir sama Rampage ... tidur... capek berisik",Negatif
D153,Setiap film yang ada karakter binatang reptil nya jadi raksasa lalu meraung (atau mengaum apa lah itu) harus siap-siap resiko malah bikin penonton ingat nya sama Godzilla... Kasian. #RAMPAGE,Negatif
D154,"RAMPAGE (IMAX 2D) http://wbpictures.id Sebuah film yang diperankan @therock , akting nya tidak diragukan� https://www.instagram.com/p/BhfxlNklfo1/",Positif
D155,"Rampage belum bisa move on dari film ini, keren kali. https://www.facebook.com/story.php?stor y_fbid=1802145109835093&id=100001188658309 �",Positif
D156,Seru mana RAMPAGE atau INFINITY WAR ? � Tidak dua-dua nya http://askfm.com/igoto/45DKECN7,Negatif
D157,Nonton Red Sparrow subtitle Indonesia #film ini bercerita tentang seorang mantan penari balet bernama Dominika Egorova (diperankan oleh Jennifer Lawrence) http://www.bioskoponline.org/red-sparrow/,Positif
D158,RED SPARROW (20thcenturyfoxid) Film yang sangat menegangkan mencampur aduk emosi dan berfikir film ini memiliki banyak teka teki di awal film dan akan terjawab kalau kamu bisa memahami film ini dan mengikuti alur nya. Film tersadis yang pernah saya tonton� https://www.instagram.com/p/BfvXCL7jfxH/,Positif
D159,tapi red sparrow memang parah sih wkwk tidak kebayang saya menonton itu di bioskop wkwk,Negatif
D160,14. RED SPARROW (2018) 5/10 Mbak Jennifer Lawrence cakep sih main nya. https://pic.twitter.com/61qJFLYibD,Positif
D161,red sparrow seru parah gini tapi rating nya sedikit aduh,Negatif
D162,Film nya bagus banget terbaik lah Dilan 1990 #dilan1990 @iqbaale @vaneshaass pengin tonton lagi� https://www.instagram.com/p/BetBTQYlLoW/,Positif
D163,Tonton #dilan1990 bareng bunda @MFauzia . Film yang bagus untuk di tonton (y) . Berasa balik ke zaman sma :D� https://www.instagram.com/p/BekoWKpB1FD/,Positif
D164,Jangan rindu. Ini berat. Kau tak akan kuat. Biar aku saja. - dilan1990 @JlHJian cipete utara� https://www.instagram.com/p/BSvmstqApXU/,Negatif
D165,"Mau Review film film. dilan1990 nih. Mulai baca Novel dilan cetakan XVI , dari pertama baca sangat amat suka sama karakter dilan. Gila ya ada nya laki-laki kaya begini di dunia nyata � https://www.instagram.com/p/BeX59_FjVo1/""",Positif
D166,Gue yakin sih semua artis remaja yang merasakan pacaran juga pasti kaya gitu. Hanya saja tidak banyak orang yang cari tau. maka nya tidak ada yang tau. iqbaal kebetulan lagi naik daun dengan sukses nya dia di film #Dilan1990 di tambah kabar bahagia dia yang lulus dari UWC sebomming pernikahan nya harry - meghan :D,Positif
D167,#Dilan1990 menurutku adalah sebuah film yang mengembalikan ingatan terhadap zaman sekolah.  Sebuah film ringan tentang anak remaja yang mempunyai kebahagiaan tersendiri.  Telatah Dilan yang berusaha mencuri hati Milea dengan berbagai cara akan mengundang..,Positif
D168,Arini .... Masih ada kereta yang akan lewat Benar-Benar film yang bagus banget Goals Baru� https://www.instagram.com/p/BhRJ3dgjQrQ/,Positif
D169,"Mending tonton film arini ya kan, manis manis manja gitu",Positif
D170,#PengabdiSetan mengingatkan kita betapa kisah dan hantu-hantu dengan kearifan lokal itu jauh lebih seram ketimbang yang di luar sana.,Positif
D171,Pengabdi Setan bangsat! Joko Anwar tahu banget cara bikin orang sini menjerit-jerit. Salah satu pengalaman menonton horor paling mengesankan! 4/5,Positif
D172,"Apalagi bawa-bawa mayat, kafan, keranda, kuburan, tahlilan, sampai adegan salat yang super menakutkan itu. Saya nyerah! #PengabdiSetan",Positif
D173,Dan saya senang Joko Anwar tidak terpancing bikin film nya jadi sok pintar. #PengabdiSetan tetap bakal disukai penonton kebanyakan,Positif
D174,"Pengabdi setan ,film jadul. RT @film_indonesia : #dibantu #tanyamalam --? "" @Imamul_ Mau tanya, film horor (cont) http://tl.com/89ogfq",Negatif
D175,Ini adegan paling kampret di PENGABDI SETAN https://pic.twitter.com/oHHeSpsR24,Negatif
D176,"Alur cerita film comic 8 , mirip-mirip now you see me",Negatif
D177,"Tiba-tiba merinding ingat adegan ketok-ketok jendela (^.^) RT @jokoanwar : Yuk minta @sunilsamtani Rapi Films suruh saya membuat ulang ""Pengabdi Setan"". :))",Negatif
D178,Gak tau harus berbicara apa lagi #PengabdiSetan beneran SETAN !!! #maafBerkataKasar Sangat� https://www.instagram.com/p/BZZLLW6hzZS/,Negatif
D179,Nonton Pengabdi Setan siap-siap ketakutan ah belum menonton saja kok saya deg-degan wkwk � https://www.instagram.com/p/BZvtvf4HnOE/,Negatif
D180,Pengabdi Setan Raih Film Terbaik Overlook Film Festival 2018 di Amerika http://kompas.com/AFyZq8,Positif
D181,Aduh Pengabdi Setan kalah sama film Dilan :))) Aih ah apa apaan ini! Padahal pengabdi setan seru banget! seram kacau parah sih! Soalnya saya tidak menonton kalau film dilan hahaha,Positif
D182,Akhirnya memberanikan diri untuk menonton bareng Pengabdi Setan Seram? Pasti Menguras energi� https://www.instagram.com/p/BZ_pkV3g0ix/,Positif
D183,Pengabdi Setan jalan cerita nya bagus... Cuma kenapa akhirnya bikin drop... . .� (w/ sugih & Rendi at @cinema21 ) � https://path.com/p/JxGZh,Negatif
D184,"#MarsMetVenusPartCowok mampu mempertahankan rasa manis dan hangat dari Part Cewek dengan humor yang lebih asyik, lebih menggigit. 3,5/5",Positif
D185,"#TheDoll2 berjalan cukup asyik dan meyakinkan hingga akhirnya masuk ke paruh ketiga yang penuh dengan momen-momen menggelikan. 2,5/5",Negatif
D186,"Secara sinematik #Dunkirk jelas ada di level yang luar biasa. Visual yang memukau sekaligus mengintimidasi, ditambah skor yang gila.",Positif
D187,"#DespicableMe3 kehilangan momen-momen segar yang ada di dua film pendahulunya. Yah, walau sesekali masih mampu bikin tersenyum. 3/5""",Negatif
D188,"#Jailangkung sibuk menyajikan gambar-gambar bagus hingga lupa tugas utamanya untuk menghantarkan ketakutan kepada penonton. 2,5/5",Negatif
D189,"Punya deretan pemain yang berlakon apik, sayangnya #SuratKecilUntukTuhan terasa berusaha terlalu keras menguras air mata penonton. 2,5/5",Negatif
D190,"#Sweet20 tampil kocak, hangat, dan menyenangkan terutama berkat performa luar biasa Tatjana Saphira. Remake yang asyik dan memuaskan! 4/5",Positif
D191,Dan #Sweet20 punya penutup yang tidak kalah mengejutkan dengan versi asli nya. Pecah!,Positif
D192,#Mantan punya konsep menarik walau penyampaian emosi nya kadang tak mulus dan terlalu meledak-ledak. Aktris-aktris nya bermain bagus. 3/5,Negatif
D193,"56. Terbang: Menembus Langit Sebagai film yang niat nya menginspirasi, sangat disayangkan #TerbangMenembusLangit hanya menyajikan masalah demi masalah tanpa mau memberikan solusi nya. Padahal performa Dion Wiyoko bagus nya bukan main. 3/5 https://pic.twitter.com/2UrbLluz37",Negatif
D194,Apa Cuma saya saja yang tidak menunggu banget Infinity War? Biasa saja gitu seperti film lain nya. malah lebih pengin menonton Terbang besok kalau sempat :'),Positif
D195,"4. Insidious: The Last Key Meski atmosfer horor nya gagal di bangun dengan baik dan rajutan kisah nya tak matang, #InsidiousTheLastKey masih punya beberapa jump scare yang cukup mengasyikkan. 3/5 https://pic.twitter.com/plMDiIHvHC",Positif
D196,"Sudah, pokok nya film nya keren, wajib tonton RT"" @AhSpeaksaja : Udah menonton Pacific Rim ? menurut kamu bagus tidak film nya?""",Positif
D197,"Ini film kata nya bagus dan di rekomendasi, jadi ingin juga� ? Cek Toko Sebelah (w/ Meny & Natanael at @cinema21 ) � https://path.com/p/1Q34jB",Positif
D198,Film #CekTokoSebelah keren banget!! Lucu banget!! Tertawa terbahak-bahak satu bioskop!! Mengharukan� https://www.instagram.com/p/BPuwZqggWED/,Positif
D199,"Cek Toko Sebelah , ini film rekomendasi banget, kocak banget, drama nya dapat (at @cinema21 ) � https://path.com/p/tvIHv",Positif
D200,"Pujian insan perfilman buat My Idiot Brother , terima kasih buat yang sudah menonton (with @Ferry153 at Fast Film ) [pic] � https://path.com/p/2fNjDt",Positif
D201,"Menonton Exorcist The Beginning setelah tadi siang menonton Insidious . The Last Key jadi berasa tidak ada apa-apa nya. Exorcist, film klasik yang menyeramkan membekas, macam The Omen",Negatif
D202,"Bukan ketawa saja sih, ini film kok bikin mikir juga ya~ ? Koala Kumal (at GrandMetropolitan XXI) � https://path.com/p/30j2KM",Negatif
D203,"Saya kira antri @FilmKoalaKumal pakai perjuangan cuma hoax. Ternyata benaran, sayang nya saya lupa foto bang @radityadika KEREN BANGET !!!",Positif
D204,adegan favorit di film Koala Kumal .. Pas lidah nya @radityadika keseleo.. :D @FilmKoalaKumal,Positif
D205,Suka banget sama akting kakak cantik yang satu ini di film koala kumal ditambah lagi sama soundtrack nya yang hits @sherylsheinafia,Positif
D206,Koala kumal .. Film nya bikin nyesek tapi lucu sampai sakit perut @Metropolitan Mall Cileungsi https://www.instagram.com/p/BHuX3btj9bq/,Positif
D207,"Sejujur nya, saya pribadi lebih suka film Sabtu Bersama Bapak daripada Koala Kumal . Walaupun memang Koala Kumal adalah film tebaik Radit sejauh ini.",Positif
D208,Banyak yang patah hati.. pantas pada mengajak tonton nih film .. ? Koala Kumal (with All at @cinema21 ) � https://path.com/p/32nJQF,Negatif
D209,"""@sherylsheinafia hai sheryl gila film koala kumal bagus banget parah. Lo beda banget sama yang di breakout. Gokil. Lagu nya juga enak.",Positif
D210,#Film - A Quite Place untuk Indonesia yang Banyak Bacot - https://isgd.com/Fi5upU pic.twitter.com/UNiNbUQhRE,Negatif
D211,"Monster nya a quite place muncul di infinity war, harus nya si regan ada nih biar monster nya pada cepat mati :(((",Negatif
D212,"Sampai mimpi hidup seperti di A Quite Place , hebat di mimpi aku bisa jadi pendiam, dan jadi jagoan, dan muat bersembunyi di lemari",Positif
D213,"Kalau a quite place mengajarkan jadi orang jangan bacot, avengers infinity war mengajarkan jangan ajak ketemuan pas ada perlu nya saja nanti mati.",Positif
D214,"dulu waktu menonton film Yowis Ben dinyinyirin ""wah kamu tonton film ini gara-gara sekolah yang di pakai syuting itu dulu mantan mu sekolah disitu ya?"" , tidak nyambung! (1)",Negatif
D215,"2. Yowis Ben #YowisBen jadi kejutan yang menyenangkan! Memang tak ada yang istimewa dari cerita nya, namun rentetan guyonan berbahasa Jawa yang tepat sasaran jelas punya keistimewaan tersendiri untuk pasar nya. Sulit untuk berhenti tertawa! 3,5/5 https://pic.twitter.com/aLe2uHrPao",Positif
D216,"Setelah sukses film komedi berdialog bahasa Jawa Timur #YoWisBen, sekarang boleh di tunggu #Jancuk, drama-komedi pasangan muda suku dan agama https://pic.twitter.com/dHPgcEG8zV",Positif
D217,"44. Love for Sale #LoveForSale membangkitkan memori betapa mencintai seseorang bisa sangat menyakitkan. Ketimbang film cinta, lebih cocok disebut film horor. Bangsat nya minta ampun. 4/5 https://pic.twitter.com/meoDjKTGLc",Negatif
D218,"Contoh nya seperti film yang menurut saya bagus, misalnya, love for sale dan infinity war. Penonton sudah beranggapan bahwa akhirnya pasti menang/happy ending. Dan kemudian ""kecewa"" dengan ending nya",Positif
D219,#loveforsale - film cinta yang tak memuja cinta tapi tak juga mengolok-olok cinta. Ia hanya menyindir kita yang terlalu banyak alasan untuk tidak terlihat mendamba cinta. Padahal dicintai dan mencintai adalah soal menjadi manusia. #loveforsalemovie - keren http://askfm.com/igoto/45DKECN75V62DDAUPY6IQO7C5KGTJLAR,Negatif
D220,"Yang belum menonton Love for Sale, berikut review nya. Cepat keburu turun film nya, padahal bagus lo �. http://www.sebelumnonton.com/201/03/review-film-love-for-sale-yang-jomblo.html � @CenayangFilm =)",Positif
D221,"Guys, tonton #LoveForSale buruan. Asli bagus. Gue liat penonton nya masih sedikit. Jangan di tunda kalo mau menonton. Sayang banget kalau sampai sebentar saja yang tayang di bioskop. Berangkat gih. Percaya lah. Bagus!",Positif
D222,"Sial nonton love for sale se sedih itu, pas sendirian pula menonton nya tidak bisa berpelukan :((",Negatif
D223,"37. Tomb Raider Meski kisah nya ngalor ngidul tidak tau mau nya bagaimana, #TombRaider versi baru ini punya deretan aksi yang seru banget. Alicia Vikander jelas pilihan tepat! 3/5 https://pic.twitter.com/SOKV5Pf4f2",Positif
D224,Ternyata film Tomb Raider yang tahun ini biasa saja ya � Masih bagusan yang main Angelina Jolie sebagai  Lara Croft � #IMO,Negatif
D225,"""Tomb Raider"" memang gagal ambil alih posisi juara box office domestik dari ""Black Panther"", tapi film aksi Lara Croft tersebut adalah film internasional terlaris pekan ini: http://flickmagazine.net/news/4830-tomb-raider-gagal-ambil-alih-juara-box-office-dari-black-panther.html ...",Positif
D226,strategi nya sama seperti mengeluarkan black panther sebelum infinity war. Sama-sama juga menikahkan latar sebagai film solo pertama superhero kulit hitam (black panther) atau superhero wanita (captain marvel) pertama dari MCU juga,Positif
D227,Black Panther jadi film Marvel yang paling menguntungkan. Kok mati di Avengers Infinity War? Alur cerita film sepenuh nya diatur bisnis. Spiderman juga lagi film nya tahun depan. http://www.bbc.com/indonesia/majalah-43368382 � ,Positif
D228,"tengah - tengah menonton Black Panther, istri gw tidur, gw terus ganti nonton NJPW. jelek banget anjir film ini",Negatif
D229,"Review pendek yang telat untuk ""The Conjuring 2"" � sisi religius nya yang justru membuat film nya tambah menarik.",Positif
D230,Sumpah kaget banget sih!!!  ?  The Conjuring 2 (with Deepty at @cinema21) � https://path.com/p/3xEurD,Negatif
D231,Terlalu lucu ini film. ?  The Conjuring 2 (at @cinema21) � https://path.com/p/3uTtzi,Negatif
D232,FILM MACAM APA INI ?  The Conjuring 2 (with Farrah at @cinema21) � https://path.com/p/3Kx2lv,Negatif
D233,yang sudah nonton dua kali bakalan lebih takut sama yang baru perdana. ?  The Conjuring 2 (w/ Meilina at @cinema21) � https://path.com/p/1l0blL,Negatif
D234,"Pegal woy seriusan, pulang - pulang rasa nya butuh koyo wkwk mana menonton the conjuring lagi setan nya di depan muka :(((",Negatif
D235,"Film horor ""A Quiet Place"" sukses mencuri perhatian publik! Bahkan film ini mengalahkan ""The Conjuring"" di Box Office! Berikut 7 fakta dari film horor ""A Quiet Place"" yang wajib kita ketahui. Pokok nya wajib banget nonton film ini!",Positif
D236,"1. The Greatest Showman Banyak nya detail penceritaan yang dilewatkan membuat kekuatan emosi dalam #TheGreatestShowman terasa naik turun. Namun film ini mampu membawa banyak kebahagiaan lewat deretan momen musikal yang cukup magis. 3,5/5 https://pic.twitter.com/72hN5P9b9e",Positif
D237,"Baru tau film The Greatest Showman bagus banget :"") , dan aku sendiri memang suka film musikal gitu tapi yang bawaan nya ringan!! omg suka banget telat banget baru nonton aku nya",Positif
D238,Kemana saja kau pani RT @faniasiik: Baru menonton the greatest showman jadi semakin suka mendengarkan never enough,Positif
D239,Pelanggaran Falcon Pictures di Film Benyamin Biang Kerok http://www.abadikini.com/read/26/04/201,Negatif
D240,Ody Mulya angkat bicara soal sengketa hak cipta film Benyamin Biang Kerok http://nasional.kontan.co.id/news/ody-mulya,Negatif
D241,"Film ""Benyamin Biang Kerok"" ternyata tidak berhasil menggapai target 6 juta penonton. Dan Menurut Max Pictures, itu salah penulis naskah nya Kalau menurut kalian gimana? Hem -- #Asumsi",Negatif
D242,Review Film: Keisengan Remaja Yang Berujung Maut di Truth Or Dare https://id.bookmyshow.com/blog-hiburan/review-film-truth-or-dare/,Negatif
D243,"Sejak habis menonton film ini tadi, kalau ada yang mengajak gue main truth or dare gue gak bakalan mau, lo main saja sendiri :D :D #TruthOrDareMovie",Negatif
D244,Truth or dare ini adalah film hantu tapi hantu nya tidak terlihat. Aku kan penasaran sama calex kah culex kah siapa ya lupa haha. Mengagetkan sih karena backsound nya. Jadi inti nya kalau kalian mau main truth or dare pilih lah truth hem :D,Negatif
D245,"Pas nonton happy death day juga begitu trailer nya menjanjikan banget � pas nonton, ya bagus saja sih tapi tidak masalah kalau nonton nya di laptop",Positif
D246,"Sudah tonton Happy Death Day? Film jenius, susah bikin film yang banyak adegan di ulang tapi dengan akhir yang berbeda. Karakter dan dialog kuat. Makanya waktu bikin film lagi dengan judul TRUTH or DARE, pasti seru! https://pic.twitter.com/EDPslKbyC2",Positif
D247,Film terburuk apa yang pernah kamu tonton seumur hidupmu? - Happy Death Day Parah lah film itu https://askf.com/chelle_js/answers/147946249915?,Negatif
D248,"Film nya kurang bagus, walaupun di media rating nya mengalahkan Civil War #latepost � ?  Don't Breathe (at Cinema XXI Plaza Depok) � https://path.com/p/1d3Wfr",Negatif
D249,"Sedih deh, film macam apa coba nih .. Mata sampai bengkak begini :"" � ? Warcraft (w/ Fadli at XXI Cinere Bellevue Mall) � https://path.com/p/2zVYY0",Negatif
D250,"Tegang banget nih film, rating memang tidak bisa bohong ?  Don't Breathe (with Aviseina at Bassura XXI) � https://path.com/p/4EC9I8",Negatif
D251,"Cacat nya di film habibie & ainun adalah, memang nya tahun 90an udah ada e-tol ya? �� dan sponsor nya gaul deh. Chocolatos sama wardah. Hahaha",Negatif
D252,Cuman bisa bilang KEREN BANGET... TOP ABIS itu film HABIBIE AINUN ... Semua cerita ada di film itu..... Top banget ;),Positif
D253,"#habibie . Habibie-Ainun , tidak sekedar drama kesetiaan rumah tangga, ada etos anak negeri menggapai harga diri bangsa",Positif
D254,"Subhanallah film habibie&ainun sedih banget sampe menangis aku hahaha,eh eh tapi ada @chris_nelwan nya juga loh peran nya jadi anak nya habibie&ainun",Positif
D255,"Ayo lah RT @mallandut : Harus wajib nonton Habibie & Ainun nih, kapan lagi indonesia bikin film bagus kaya begini.",Positif
D256,"Skrip itu yang buat aku iri :) RT @kakaanya : ""Jikalau aku harus mengulang hidup ku lagi,aku akan tetap memilih mu"". #Habibie &Ainun",Negatif
D257,"9. Kepercayaan penonton awam yang sudah terbangun karena film-film keren seperti 5cm dan Habibie & Ainun , akan hancur lagi karena film-film sampah.",Negatif
D258,"Keren yu sedih RT @ayuputriandira2 : Aku besok nonton nya :( RT @muthiamuchlis : Habibie ainun bikin air mata menetes""",Positif
D259,"Betul tidak RT @mstikasari : hahaha RT @ynsiregar: Orang masa kini mesti nya kaya habibie & ainun , jangan baru nikah terus besok nya diceraikan",Negatif
D260,"Asyik sekali kata :D ""efekFilm"" RT @indhykhansaa: Jika kelak ku di takdirkan hidup kembali,aku tetap akan memilih mu! #Habibie &Ainun",Negatif
D261,"Cie yang habis menonton RT @intanayudautami: Film Habibie & Ainun nya menyentuh amat sekali banget :"") {}""",Negatif
D262,"Di film habibie ainun , orang Indonesia ternyata sangat mudah terprovokasi oleh media-media yang ada di Indonesia. Benar bisa jadi salah dan sebaliknya",Negatif
D263,"Juara!! RT "" @AdrieSubono : Habibie & Ainun telah memecahkan rekor perfilman Indonesia. 1,030,000 penonton hanya dalam 7 hari! Alhamdulilah!!!""",Positif
D264,"WAH RT"" @detikcom : �Habibie & Ainun� Tembus 700 Ribu Penonton dalam 5 Hari http://detik.com/3Yt3a via @detikhot",Positif
D265,"ah jelek RT @husein_saefudin: Habibie-ainun rul berangkatin RT @vharul : yuk ah nonton RT @PudingCTC: Hobit rul keren.. "" @vharul : """,Negatif
D266,RT @kompasiana : #TrendingArticles | Habibie-Ainun : Kesetiaan Lelaki Terlihat dari Kecerdasan nya http://kompas.com/ADVLow,Positif
D267,"Akting nya reza rahardian nyawa nya film habibie ainun banget, butuh pendalaman karakter yang lama itu pasti ,salut.",Positif
D268,"RT @mimelinda : Masih terkagum-kagum sama akting nya Reza Rahardian di film Habibie & Ainun .. Satu kata, professional!",Positif
D269,"Hem film habibie ainun sebenarnya bagus, tapi pemilihan peran nya kurang pas *masa anak lebih tua dari papa mama nya --""",Negatif
D270,"""HABIBIE & AINUN"" bagus banget!! Salut sama akting nya Reza Rahadian & BCL, super keren! ""Saat di bioskop kesayangan :))",Positif
D271,"Bagus ka,,pakai menangis pula hehehe RT @fithriatarissa : Bagus tidak?? RT @famonce : Habibie & Ainun with ... http://tmi.com/DEsU4",Positif
D272,Setelah menonton film #TemanTapiMenikah jadi merasa bersalah ke teman sendiri. Huh huh,Negatif
D273,Sorry to say #TemanTapiMenikah kurang bagus cerita nya datar tidak ada konflik dan klimaks tapi visual film nya bagus. Coloring nya juara.,Negatif
D274,"Kemarin banyak yang tidak setuju Iqbal berperan sebagai Dilan karena dinilai terlalu kalem (kurang nakal kata nya). Sekarang Iqbal lagi heboh di beritakan karena foto ciuman pada tidak terima juga kata nya Dilan kok nakal, Dilan kok jahat. #Dilan1990",Negatif
D275,"55. Rampage. Ketimbang sekadar memberikan deretan aksi demi aksi, #Rampage mencoba untuk banyak bercerita. Sayang nya cerita nya jelek dan dipenuhi teori-teori sok pintar yang terasa konyol. Hasil nya malah jadi sangat menjemukan dan tak seru sama sekali. 2/5",Negatif
D276,Bagaimana ya kalo kamu jadi pilot nya aku jadi co-pilot nya kaya di pacific rim? Pasti aku bisa tau memori kamu <3,Positif
D277,"Bagus RT @chrisyebororing : Ada yang sudah menonton Pacific Rim ? Bagaimana Film nya, bagus tidak ?",Positif
D278,"Oke oke bisa dicoba RT @Sharqie : Enak ini RT @adissttrr: Seru tidak? RT @Sharqie : aku sudah nonton  RT @adissttrr: Pacific rim bisa kek nya""",Positif
D279,"tidak jadi menonton deh.. RT @detikcom : Mengapa ""Pacific Rim"" Melempem di Box Office? http://detik.com/jZmk7 via @detikhot",Negatif
D280,":3 RT @TamaPranedya : Tambah GUNDAM juga :3 RT umamagafi: Apa jadi nya megazord, transformer, sama pacific rim jadi 1 film? Wah keren banget",Positif
D281,"Pacific Rim bang, seru deh RT"" @MokxyJ : Film apaan? RT"" @YunidarPurba : Film nya keren banget, nyesel kalo tidak nonton. Hi hi :p""""",Positif
D282,"`@mrazino iya sih yos, agak membosankan memang. Animasi nya dewa parah haha. Pacific rim siap untuk disaksikan nih roman nya he he",Negatif
D283,Seru!!! Memang bukan sampai ke level menegangkan sih...tapi kaya nya ini impian masa kecil tiap� ? Pacific Rim � https://path.com/p/1VXsQi,Positif
D284,"#tips kalau pengin nonton pacific rim wajib ! Harus tonton yang 3D guys , biar lebih merasa ada didalam film saran yang imax 3D",Positif
D285,8 dari 10 buat Pacific Rim ... Demen banget sfx sama musik-musik nya.. Di tambah adegan geret kapal bikin greget :))),Positif
D286,"Buat lo LAKI yang dulu kecil gemar menonton Evangelion atau Gundam , Pacific Rim tuh kaya membayar lunas fantasi� � https://path.com/p/1lD836",Positif
D287,Tidak seru mam RT @idsantos_94 : apa cuma aku disini yang tidak tertarik sama film Paranormal Activity : The Marked Ones ?,Negatif
D288,"#AnnabelleCreation awalnya terlihat meyakinkan, namun lama kelamaan jadi tak jauh menyebalkan dari film pendahulunya. 3/5",Negatif
D289,Fix tidak ada greget nya nih film -_- ? Paranormal Activity : The Marked Ones � https://path.com/p/3s2cqL,Negatif
D290,"aku tuh ya kok tidak pernah suka film ini. agak terlalu maksa gitu jadi nya. PARANORMAL ACTIVITY : THE MARKED ONES https://pic.twitter.com/2snu3EYpXr""",Negatif
D291,"Film aneh banget --"" ? Paranormal Activity : The Marked Ones (at @cinema21) � https://path.com/p/4h872C",Negatif
D292,"tegang sepanjang film RT""@tattaarinda : Asik, next week ya Mas :D "" @avicenna_topenk : @tattaarinda elysium http://twitter.com/15mlRFg """,Negatif
D293,Elysium .... Entah film apa itu hahaha (@LOTTEBintaroXXI - @cinema21 w/ 6 others) http://4sq.com/14Ro6gn,Negatif
D294,"Ya Allah, kenapa engkau memberikan cobaan film Elysium kepada Moviefreak yang lagi minim budget",Negatif
D295,"ini film makanan nya dapat banget.... dan kemampuan pemeran utama nya tidak yang ""super"" banget ? Elysium � https://path.com/p/2ptOFJ",Positif
D296,"#elysium film humanisme + sci-fi yang berbumbu action. Pesan moral nya kena banget, menyindir orang bergelimang harta yang� � https://path.com/p/3eZStJ",Positif
D297,"Film tentang pengorbanan, untuk jutaan penduduk bumi.. Seru!!! ? Elysium (at @cinema21 ) � https://path.com/p/32JfPl",Positif
D298,Sindiran atau saran buat kedokteran mungkin ini film . Misi kemanusiaan yang kena banget. ? Elysium � https://path.com/p/4C8BzR,Positif
D299,Iya San..hehehe keren film nya meski di awal seperti terlalu sadis ;D RT @awajisan : arhcha wah asik :p lumayan film nya elysium,Positif
D300,"Kelihatan kumuh tapi realistis untuk film sci-fi, keren. ? Elysium � https://path.com/p/KcGty",Negatif
D301,Genius banget yang buat film Elysium astaga kok aku ketakutan ya menonton nya ??,Negatif
D302,"Jadi kurang tertarik sama Carrie setelah tau ternyata itu cuma film recycle yang dulu Sudah pernah tayang, sayang banget padahal seperti nya seru </3",Negatif
D303,"Review film : carrie . Pendapat saya untuk film ini, hem boleh lah buat sekedar film akhir pekan, tapi kalau saya lebih mengkategorikan film ini drama remaja ketimbang horor, tidak ada horor-horor nya� � https://path.com/p/14FjIT",Negatif
D304,Film ini dikira horor gimana gitu... ternyata bukan hantu gitu.... tapi seru tidak menyesal� ? Carrie (w/ Adrian at @cinema21 ) � https://path.com/p/fNd9V,Negatif
D305,Film psycho yang aneh dan tidak jelas awal dan akhirnya x( ? Carrie (at @cinema21 ) � https://path.com/p/16QjGO,Negatif
D306,Tadi kulihat memang remake of Carrie sudah di bioskop. Malas tapi menonton horor sendiri. Film asli tahun 76 sih popular dulu. Silahkan yang mau nonton tuh.,Negatif
D307,"Carrie .. Hem. Yang pasti itu bukan horor, tapi film tentang prom, dan sedikit thriller di akhir. Alur nya lambat, twist nya kurang. Buat penggemar horor sih agak mengecewakan� � https://path.com/p/42B4yu",Negatif
D308,Mampus dah ! Film Carrie keren mampus ! Keren !,Positif
D309,"Pondasi kokoh ""Carrie"" di awal roboh di pertengahan film ke belakang. Terlihat konyol. Atau karena orang belum mengenal Hugh Jackman di 1976?",Negatif
D310,"Film nya keren.. banyak pesan moral.. Ayo tonton.. ? Carrie (with Novita, Ray, and Fidel at @blitzmegaplex ) � https://path.com/p/28OntT",Positif
D311,Iya ini pertama kali nya sepanjang sejarah aku menonton film horor menangis banyak dapat pelajaran dari film carrie ini,Positif
D312,"Barusan liat ada film horor lagi Killer Toon. Ogah ah, kemarin menonton Carrie saja mata ditutup sebelah ewang :|",Negatif
D313,"Carrie bagus mah kak RT"" @galuhkeanu : Dan aku menyesal! Film apakah itu!! #crap #Emergo!""",Negatif
D314,"Asli.. Demi apapun juga aku tidak suka film horor... ? Mama (w/ @NallinoJS , @cdhinia , & 3 others at Blitz Megaplex MOI) � http://path.com/p/2NvPG8",Negatif
D315,film mama anjir seram banget masih kebayang setan nya ka!!?!!,Positif
D316,"Kak @foreethatehsusu kita mesti banget ini menonton film horor ""Mama"" seram.. http://myloc.com/raEDK",Negatif
D317,"Memang iya kan tidak terlalu seram kan film nya hi hi RT @Harry84Boy : Kata dia tidak seram � @AdrienResya RT @Yahoo_ID : 10 fakta seputar film ""Mama""",Negatif
D318,"Film MAMA sukses bikin takut sendiri astaga : | jadi parno mau melakukan sesuatu, setan nya ... ? Mama � http://path.com/p/wdUCm",Positif
D319,"Entah kenapa aku merasa film MAMA agak lebay ya..Coba kalo si MAMA nya itu tidak bisa menyentuh manusia,mungkin bisa lebih diresapi sebagai makhluk gaib nya",Negatif
D320,"Sudah ada mantap abis film nya haha RT @sandraaadi : Sudah ada ya kebbi? @st_ftmh : Itu film ""MAMA"" horor abis!!",Positif
D321,"Persis banget? RT @MeggaNavita : Film luar,udah ada di bioskop RT @NONAKIKY : Film indonesia ya itu? RT @MeggaNavita : Film ""Mama"" sama persis kaya cerita nya ""Insidious""",Negatif
D322,"Btw, jangan nonton film Mama sendirian. Tidak baik buat jantung. Parah! horor abis Mama-nya --""",Negatif
D323,"Demi apapun ini film ""mama"" seram mampus :| (with @aidharosadi at @cinema21 ) � http://path.com/p/3dugcI",Positif
D324,"lumayan seram ternyata om.RT @jokoanwar : Sudah lama tidak jerit-jerit menonton film horor. Terima Kasih, MAMA",Positif
D325,Gara-gara film MAMA terus ditakut- takutin sama mas @yudacastelo jadi parno di loker sendirian hi,Negatif
D326,"`--"" RT @Ndra_Neeh : Parno itu adalah liat kupu-kupu menempel di dalam kamar yang tertutup rapat setelah menonton film ""MAMA"",masuk lewat mana itu kupu-kupu ya?",Negatif
D327,"lumayan buat terapi jantung say RT @_IkkaVH: Film 'nya bagus tidak say ? RT @dherynlaza : Menonton "" Mama "" untuk kedua kalinya di @blitzmegaplex ",Positif
D328,"haha payah, penakut :p RT @Oktaaaaav : Film mama bikin jantung aku ingin copot o__o  Abis si @Arvan_Persie aku remas kalo pas ada hantu nya",Positif
D329,"Nah ini baru film ! Tidak kaya tadi, uweks.. #Dikerjain :( ? After Earth � https://path.com/p/YhzQ9",Positif
D330,"Ini si hitam dari jaman film The pursuit of happiness, karate kids sampe after earth selalu keren tidak bosan-bosan.",Positif
D331,"Kaset aku wkwkwk RT @suryantosagala : Keren nih film ""After Earth"". Film motivasi yang cerita nya memiliki banyak pesan yang baik (y)""",Positif
D332,Masih bingung dengan film ini ? After Earth (at Casablanca Mansion) � https://path.com/p/2uRfwt,Negatif
D333,"Kurang greget ini film . Jauh sama film nya di MIB 1, 2, 3 atau Bad Boys 1, 2. Rating nya 5/10. Haf ? After Earth � https://path.com/p/2sAujX",Negatif
D334,Yang membingungkan dari film after earth itu.... Bulat bulat yang kegunaan nya pengganti oksigen,Negatif
D335,Akhirnya selesai juga nonton ini film ! Keren nya pake banget JADEN SMITH alah ganteng nya ? After Earth � https://path.com/p/4kbdtA,Positif
D336,"Film nya standar...musuh nya cuma binatang satu ekor,� ? After Earth (w/ @robertrocky & Lidya at @blitzmegaplex ) � http://path.com/p/nKG0k",Negatif
D337,Keren film baru after earth ! Harus menonton,Positif
D338,Menangis kelar nonton film ini.. film yang berdasarkan Ide will smith ini benar-benar tentang puncak� ? After Earth � https://path.com/p/2jInay,Negatif
D339,"After Earth begitu saja film nya, kurang seru! http://myloc.com/rBVNY",Negatif
D340,Tapi Film yang aku kasih bagus kan mas io RT @RioRani0 After earth tidak bagus ah film nya,Negatif
D341,"film budget yak :-D RT @nitaeuy : Rugi nonton After Earth , sepanjang film yang ada cuma 2 org... :|",Negatif
D342,Info bagus RT @WitwickyCurse: After Earth seru banget! @Audya_Regina : Yang sudah nonton acung jari nya dong! Seru tidak film 'nya? Tiba tiba pengin menonton,Positif
D343,ini film keren banget! wajib tonton .. alan turing salah� ? The Imitation Game (w/ roni at Premier Senayan City) � https://path.com/p/Y8X9Y,Positif
D344,Terjebak dalam film yang mengharuskan berpikir keras� ? The Imitation Game (w/ Resa at XXI Cinere Bellevue Mall) � https://path.com/p/aiuTo,Positif
D345,"Film kalau anak IT bilang Kriptografi� ? The Imitation Game (w/ Yohana, Ninta, & IreneAnasthesia at @cinema21 ) � https://path.com/p/13TbSb",Positif
D346,Film yang belakangan ini aku tonton bergizi semua ya. :3 - Boyhood - Whisplash - Nightcrawler - The Imitation Game Juara nya Whiplash,Positif
D347,Belum ada poster nya di path.. film yang cuman keren bagi yang suka� ? The Imitation Game (w/ @mamakyimi at @cinema21 ) � https://path.com/p/2HWFhI,Negatif
D348,Film yang membuat berpikir (banget) tapi keren (banget) ? The Imitation Game (with Agung at @cinema21 ) � https://path.com/p/3P0dqx,Positif
D349,"Yang suka film berat, berpikir, dan keluar bioskop pusing. tonton deh the imitation game , film di awal tahun 2015 yang bagus banget!",Positif
D350,Salah Satu film terbaik Tahun ini! Maaf ya! aku menonton duluan � ? The Imitation Game (w/ @kutzna at @cinema21 ) � https://path.com/p/3T6Iqd,Positif
D351,"Oy, penggila IT (Security/Networking) Rekomendasi Film : "" The Imitation Game "" http://twitter.com/1ylcjZO via: @BekasiUrbanCity",Positif
D352,"`@INDIKA9160FM film nya rekomendasi banget bro , the imitation game .. menyesal banget kalo tidak menonton #MovieOfTheWeek",Positif
D353,"Setuju! RT @ipeh_heidy: Sudah pada nonton film scarlet johanssen yang baru belum #Lucy ,keren banget science fiction gitu, bagus, tidak menyesal #Rekomendasi",Positif
D354,Memang dasar otak tidak sampai kali ya.. tidak mengerti sama ini film � ? Lucy (w/ @abdielktg at Blitz Megaplex - Central Park) � https://path.com/p/2zq5aH,Negatif
D355,"Hi hi hi cerita nya mirip-mirip seperti film ""carrie"" versi sains hi hi hi � ? Lucy (w/ @ogieanakbaik at Blitz Velvet) � https://path.com/p/2h9tY2",Negatif
D356,"Jadi inti film "" LUCY "": Jangan terlalu sering pakai otak, sebentar kamu jadi flashdisk :)) (at @cinema21 ) � https://path.com/p/3IkHV1",Negatif
D357,Bagi pecinta film .. Film LUCY .. rekomendasi banget.. apalagi yang suka ilmu pengetahuan tentang otak.. Keren banget..,Positif
D358,Kocak sial film nya mending film ini daripada film lucy yang kemaren aku tonton,Negatif
D359,"Gara-gara kemaren menonton film "" lucy "" jadi saja kebawa parno sesaat pas tadi imigrasi cek hihi (at @cgk_ap2 ) � https://path.com/p/3HaMAg",Negatif
D360,Sudah menonton film lucy ? Bagian terlemah dari tubuh manusia tapi memiliki kekuatan pengendalian terbesar adalah otak https://pic.twitter.com/uhMG1uWgKf,Positif
D361,"Habis menonton film "" LUCY "" & kagum dengan kekuatan super serta hipotesis ilmiah nya. :D (@Djakarta Theater XXI) https://www. swarmapp.com/mirzablue/checkin/53f5fe74498e261a715af547?s=TGlkjSDHwx0hl0pKlaUW6k6PoDE&ref=tw �",Positif
D362,Film tercerdas tahun ini ? Lucy (with @awansyaputra18 at XXI Blok M Plaza) � https://path.com/p/1IKms9,Positif
D363,"Setuju sih sama pesan film Lucy , kalau tujuan hidup itu untuk legacy. Setuju banget",Positif
D364,Jantung nya copot gak? hahaha RT @Mhmdrohadi : film annabelle tidak seram cuma bikin jantungan saja,Negatif
D365,Oke! aku akhirnya tau kenapa lo bilang film ini rasis! Wkwk ? Annabelle (with @mpazzhole at @cinema21 ) � https://path.com/p/s5JoC,Negatif
D366,"Siap-siap tutup mata sepanjang film .� ? Annabelle (w/ @rachmat_al , @adindaadprila_ , & @agung_darmaji at @cinema21 ) � https://path.com/p/pT4ti",Negatif
D367,Film Annabelle lumayan bikin kaget juga hahaha,Positif
D368,RT @ronzzykevin : padahal asli nya Annabelle tidak se busuk yang di film sih lucu https://pic.twitter.com/NeQmfECfQF,Negatif
D369,"Annabelle tidak jelas film nya anjir --""",Negatif
D370,Menonton film lucu dulu sebelum istirahat ? Annabelle � https:// path.com/p/4FigMV,Positif
D371,RT @979FeMaleRadio terakhir menonton itu film annabelle . seram. #happymorning,Positif
D372,"Ini film menurut aku tidak horor banget, tapi bikin spot jantung. #Annabelle http://twitpic.com/echyzy",Positif
D373,"#review film Annabelle, inti nya rapi, semua di susun rapi tidak ada yang terburu - buru, timeline nya pas atau tidak janggal, dan teror nya dapat https://pic.twitter.com/BfDP52Kf00",Positif
D374,"Sumpah ini film , tidak ada romantis nya... ? Annabelle (with Imelda and Marihot at @tatankhan ) � https:// path.com/p/BN0za",Negatif
D375,Asli lebih merinding MEnonton film horor nya Suzzanna dari pada annabelle atau ouija,Negatif
D376,"Ini film seram nya dimana --"" di ulang-ulang sama saja ah ~ ? Annabelle (at Perumahan Duta Kranji) � https://path.com/p/odgyC",Negatif
D377,Aku berani RT @anna_fat21 : bagaimana? RT @riamnks Akibat tidak suka film horor hari gini baru nonton annabelle bareng @anna_fat21 ...itu pun pake di tutup mata,Negatif
D378,aku kalau melihat jendela kamar suka teringat yang pas di film Annabelle,Positif
D379,"Kritikus film bilang film ini tidak seram. Tapi baru menonton beberapa menit durasi nya, aku sudah spot jantung. Mungkin karena aku penakut. #annabelle",Negatif
D380,"Film Annabelle bakalan kalah seram nya sama orang yang pacaran bilang ""Aku tidak bisa hidup tanpa kamu"" dan nyata nya setelah putus tidak mati mati",Negatif
D381,film annabelle tidak terlalu seram .tapi membuat kaget,Positif
D382,Ini film tidak ada seru-seru nya !!!! ? Annabelle (with @ayuningnong at @cinema21 ) � https://path.com/p/2vXUdJ,Negatif
D383,Lumayan seram sih RT @askfm_Indo : #askfm Menurut lo film Annabelle seram tidak ?,Positif
D384,Film annabelle itu lucu yah :-D sampai buat si abang teriak =)) aku saja diam :-P :-D,Positif
D385,"Benar kata orang-orang ya kalau film annabelle yang ini bikin jantungan --""",Positif
D386,"Biasa saja ah RT @dindinNOV : Benar kata orang-orang ya kalau film annabelle yang ini bikin jantungan --""",Negatif
D387,Aku kira itu film nya wah tapi klimaks nya saja tidak berasa #Annabelle (at Cinema 21 Cilegon) [pic] � https://path.com/p/3tml6G,Negatif
D388,"@dewiyuliaaa_ , linda, purbo Tft banget buat hari ini. Puas ya kita ketawa-ketawa dengan film annabelle yang LUCU PARAH(?)!!!!!HAHAHA",Negatif
D389,"Sebenarnya tidak suka dan tidak pengin menonton ini film , cuman kepo saja� ? Annabelle (w/ @ansy_ardi at XXI Puri Mall) � https://path.com/p/UG4s2",Negatif
D390,Ini film Seram sih tidak cuma sadis saja SIAL !!!!! ? Annabelle (at @cinema21 ) � https://path.com/p/4jZ4DX,Negatif
D391,Lebih seram hidup sepi daripada Film horor The conjuring atau AnnabeLLe *udah gitu saja *terparah *bye!,Negatif
D392,Sumpah ini film lebih seram dari pada conjuring hebat habis film ini rumah� ? Annabelle (at Cinema 21 Cilegon) � https://path.com/p/GilcC,Positif
D393,"Wajar sih, memang pecah gila tuh film RT @987Genfm : Tidak sampai 2 minggu tayang dibioskop, film ""Comic 8 "" tembus 1 juta penonton uh .. nih",Positif
D394,"Dan kalian tau kalo film comic 8 itu lucu total keren abis dah, ini rekomendasi buat kalian kalau mau menonton tapi bingung mau menonton apa :)",Positif
D395,"review sebentar tentang film Comic 8 , kocak dan akhir film yang tidak tertebak. sekian review dari saya. (at @pondokindahmall ) � https://path.com/p/27LHkF",Positif
D396,"Surga Yang Tak Dirindukan . Film yang bagus, banyak hikmah didalamnya.. Tapi, saya dini bukan Mbak� (at @cinema21 ) � https://path.com/p/BmGcs",Positif
D397,Senang!! Hari ini dapet banyak pelajaran dan motivasi dari film surga yang tak dirindukan,Positif
D398,"Bagus tau ini film nya.-.  RT @hani_vernan : Ingin menonton 99 cahaya di langit eropa mas --""",Positif
D399,"Keren banget film 99 cahaya di langit eropa , benar-benar bikin aku bangga sama islam sama agama ku {}",Positif
D400,Keren banget 99 cahaya langit di eropa ... Lanjut part 2 nya nanti ... (with @Nurzenah at @cinema21 ) � https://path.com/p/1yiqDZ,Positif
D401,Menonton film surga yang tak dirindukan sendirian. Sumpah jelas banget aku cewek yang kecewa sama lelaki� (at @cinema21 ) � https://path.com/p/36zpXN,Negatif
D402,Ya akhirnya aku sudah menonton film ka @bellaudya829 Surga Yang Tak Dirindukan benar-benar menguras air mata https://pic.twitter.com/IGrSnfXakuz,Positif
D403,"Nonton film surga yang tak dirindukan , banyak yang jualan bawang seperti nya di sini, mata perih (at @cinema21 ) � https://path.com/p/2XnQZh",Negatif
D404,Suka banget sama film surga yang tak dirindukan . Ada dua kalimat yang sudah aku lakukan dalam� (at @cinema21 ) � https://path.com/p/3DLZJb,Positif
D405,Di bikin bengep ini mata sama film surga yang tak dirindukan .. Bagus film nya (with Nurma at @mccibubur) [pic] � https://path.com/p/451xx2,Positif
D406,"""Allah hanya menerima orang-orang yang sabar dan ikhlas"" tidak sia-sia menonton film Surga Yang Tak Dirindukan .",Positif
D407,Surga yang tak dirindukan film pelajaran banget #goodMovie (with tatu at @cinema21 ) � https://path.com/p/3KC4ux,Positif
D408,Surga yang tak dirindukan .. sampai bosan saya menonton nya..hahaha :p (with Tri at @cinemaxxtheater ) � https://path.com/p/4vIVPY,Negatif
D409,"wajib nonton surga yang tak dirindukan ,film nya bagus banget sampai bikin orang menangis @bellaudya829 � https://instagram.com/p/5RpdqUThtx/",Positif
D410,Dan ini adalah film yang membosankan kedua yang saya tonton setelah after earth (with @Arumii at @cinema21 ) [pic] � https://path.com/p/2sSb85,Negatif
D411,"Demi apa ini film tidak jelas banget...sama saja kaya after earth ,untung nonton pake tiket gratis jadi tidak menyesal banget sih --"" http://myloc.com/rY5M2",Negatif
D412,Ternyata film COMIC 8 memang benar-benar lucu & gokil pemain nya. :#,Positif
D413,Suka banget sama jalan cerita film Comic 8 . Semacam reinkarnasi warkop DKI dalam versi modern tapi bukan plagiasi. BAGUS!! @Comic8TheMovie,Positif
D414,"`@Indro_Warkop om film Comic 8 gokil banget, jadi mau menonton lagi, di tunggu film selanjutnya",Positif
D415,Menonton film comic 8 . Tidak lucu. Tapi mbak-mbak di belakang ketawa nya heboh x( (@Blitz Megaplex Grand Galaxy Park) http://4sq.com/1jW0ToX,Negatif
D416,"Film Comic 8 keren! Salah satu film indonesia yang bikin berpikir, bikin menebak-nebak sampe akhir",Positif
D417,"#GerbangNeraka memberikan variasi baru dan segar dalam perfilman Indonesia, walau seharusnya misteri nya bisa hadir lebih matang lagi. 3/5",Negatif
D418,`@farhanadi96 oi ya memang film comic 8 seru ya?,Negatif
D419,"Iya,tapi banyak adegan yang datar, kurang greget RT @PlasaMSN : Prediksi Jokowi tentang laris nya Film ""Comic 8 "" ternyata benar http://on-msn.com/1ifgexH",Negatif
D420,"Hahaha kocak film comic 8 tidak terbaca jalan cerita nya , jadi susah di tebak hahahaha keren abis",Positif
D421,Mau menonton my idiot brother lagi :( sumpah itu film berhasil banget bikin aku menangis pijar :'),Positif
D422,Film my brother idiot benar-benar dah autis benar  hahaha,Negatif
D423,Sukses banget film my idiot brother bikin menangis tidak berhenti-berhenti,Positif
D424,cerita nya menguras air mata :( my idiot brother #sad #ending #film #MyIdiotBrother #today #cinema #XX1 � http://instagram.com/p/t0Ksq,Positif
D425,Film my idiot brother sukses bikin menangis.jadi ingat kalian! (with @echojunanto at @nonniipriincess) � https://path.com/p/1tUwv2,Positif
D426,Film my brother idiot bikin aku keluar-keluar studio bengep mata nya hahahaha gila keren,Positif
D427,Lebih seru juga my idiot brother ya ka RT @aronashab : Film Annabelle tidak seru.,Positif
D428,Sukses buat yang bikin film my idiot brother sukses buat orang menangis 1 studio,Positif
D429,"My brother idiot ternyata seru banget. Ada geli,jijik,sebal,kesal, lucu,ketawa-ketawa,yang paling mengesankan terakhir film kita menangis pijar :"" .",Positif
D430,Oke fix film my idiot brother nya bikin aku cengeng :'( sumpah bagus dan disitu ka kim cantik pake banget @kimbrlyryder ^^,Positif
D431,"film ke 2 ""Supernova"" film terlama dan tidak mengerti apa maksud nya� (at @cinema21 ) [pic] � https://path.com/p/3dVqQU",Negatif
D432,"Kesimpulan dari film supernova ""Junot ganteng banget""",Positif
D433,"Yang hampir hilang dari film supernova : parallel universe saat tokoh-tokoh yang dibuat Dimas Ruben satu-satu muncul jadi nyata, cuma di akhir saja, tidak kaget.",Negatif
D434,Supernova ! perlu mencerna pikiran lebih dalam buat tau isi film (with @anithaf24 at blitzmegaplex) [pic] � https://path.com/p/3qd5LL,Negatif
D435,Agak sedikit mual.. Mungkin efek menonton film supernova semalam belum habis..,Negatif
D436,"Ternyata kantor nya Rana di film supernova tidak se bagus yang di lihat hahaha --""",Negatif
D437,"59. Truth or Dare #TruthOrDare awal nya lumayan menyenangkan meski permainan dan drama nya receh banget. Namun makin lama kok makin jelek, makin melantur, dan makin sulit dimengerti ini film mau nya bagaimana, faedah nya apa, dan kenapa saya masih terus menyaksikan nya... 1,5/5 https://pic.twitter.com/Yr4KUsPFHy",Negatif
D438,lah bagaimana kakak ? RT @sssthi : Kelar menonton #supernova aku tidak bisa cerita ulang itu film tentang apa dan maksud nya apa. Tidak puas saja rasa nya,Negatif
D439,"Film supernova itu film ""terbrengsek"" tahun ini!!! Keren & tidak tertebak!! (at Mall kota kasabelangka) � https://path.com/p/49xu0N",Positif
D440,"RT @gagalman : Supernova : ""Banyak nanya. Sana bikin askfm"" Begitu kira-kira harapan penonton film SUPERNOVA saat di dalam bioskop.",Negatif
D441,Berat banget ini film cc: @nizanizaniza ? Supernova (at @21cineplex ) � https://path.com/p/3qSqD2,Negatif
D442,Film Supernova film paling tidak jelas yang pernah aku tonton,Negatif
D443,Huh ini film Supernova film paling kocak yang pernah ku tonton,Negatif
D444,Salah satu film Indonesia yang lumayan bikin kram otak.... :D #latepost ? Supernova (w/ Edrick at Summarecon Bekasi XXI) � https://path.com/p/3v3auQ,Negatif
D445,Baru selesai menonton supernova sama calon kakak ipar :p .. ini film paling kompleks� (w/ Risyky at XXI Belieview Cinere) � https://path.com/p/3ZKaDF,Positif
D446,"Baru kali ini menonton film bioskop berpikir keras, dari alur cerita sampai dialog nya yang berhasil bikin nyut-nyut an kepala lokasi nya keren-keren #supernova",Positif
D447,"menurut situs newyorker ini film drama terbaik tahun kemarin, hmm patut di coba� ? American Hustle � https://path.com/p/2ip1su",Positif
D448,Di bikin mengantuk dan kebingungan menonton film tapi makasih ya sayang � ? American Hustle (w/ Fadhel at Summarecon Mall Bekasi XXI) � https://path.com/p/3Gq3Hg,Negatif
D449,Jadi suka sama Jennifer Lawrence gara-gara film american hustle :D,Positif
D450,"Kalau ada pembuat film yang mau membuat film tentang KPK ya cara paling gampang buat lah yang Seperti ""American Hustle"". Film dengan tema berat tapi di buat cukup ringan.",Positif
D451,30 menit pertama.. Salah pilih film kaya nya ini ? American Hustle (at @gramedia ) � https://path.com/p/3nTMHj,Negatif
D452,Menonton film American Hustle malah tidur... bikin mengantuk tidak tahan... *_*,Negatif
D453,"wah RT @solehsolihun jennifer lawrence dan gaun terseksi nya di film ""american hustle"" yang keren. https://pic.twitter.com/ckOni7SoLZ",Positif
D454,"""American Hustle"" . Irving Rosenfeld. Film tentang Korupsi,Kolusi dan Nepotisme. Penipu ulung. Rekomendasi. Sugoi!!!",Positif
D455,Ini film mengenai apa sih??? Seriusan aku tidak mengerti dari tadi� ? American Hustle  � https://path.com/p/25jqMn,Negatif
D456,"Kalau American Hustle jadi film terbaik, aku percaya yang di bilang propaganda. He he. Tidak bagus, imho :( Mending 'Her' atau 12 years a slave",Negatif
D457,"Film american hustle cukup rumit, tapi keren lah!",Positif
D458,"Menonton ""American Hustle"" itu sudah kaya nonton ""Inception"". Musti jeli sama dialog-dialog di awal film biar bisa mengerti ke belakang-belakang nya",Positif
D459,The Call ... Film bagus ini. Lebih puas nonton ini daripada man of steel yang Zonk!! [pic] � https://path.com/p/2w5y1K,Positif
D460,"#TheLostCityofZ Perjalanan menggugah sekaligus mencengkeram dengan penampilan karismatik Charlie Hunnam. Namun kadang terasa melelahkan. 3,5/5",Negatif
D461,"Yang bilang The Conjuring itu sudah cukup seram dan mengaggetkan, coba tonton The Call . Bukan film horor tapi jelas lebih menyeramkan dan mengaggetkan",Negatif
D462,Film the call itu. Ah sudah lah. Pegel-pegel badan ini rasa nya (with @panjinyoto),Negatif
D463,The call lumayan menegangkan! Hahaha salah pilih film *_* (@Cinema XXI) http://4sq.com/19xiYWb,Negatif
D464,"The Call keren... Sepanjang film kejang-kejang :)) (at @cinema21 ) � https://path.com/p/Q9BKd""",Positif
D465,Sialan ... Ini film ... Bikin tegang plus parno... Sadis..� ? The Call (at XXI Mall Bale Kota Tangerang) � https://path.com/p/4r3bE8,Negatif
D466,"Masih tidak mengerti akhir film the call itu bagaimana --""",Negatif
D467,PUAS BANGET SAMA AKHIRNYA!!!!! Keren ini film !!! ? The Call � https://path.com/p/2jLxua,Positif
D468,Gila ini film !! Bikin aku teriak-teriak tengah malam gini !! ? The Call � https://path.com/p/4bHlU1,Positif
D469,Menegangkan setiap detik nya 9/10 buat film ini bagus ? The Call (at @cinema21 ) � https://path.com/p/1dKACF,Positif
D470,"The call stress sendiri menonton film nya (with Botak at @cinema21 ) � https:// path.com/p/xwvvd""",Negatif
D471,Efek film ini setara dengan cardio 300 menit jantung akan sehat ? The Call (at @jocmons ) � https://path.com/p/4iwy7p,Positif
D472,"film The Call ! parah seperti menonton horor aku, Ikut deg-deg kan,tegang banget menonton nya, Tapi kekurangan nya AKHIRNYA kenapa cuma gitu saja --""",Negatif
D473,"Thriller, tapi aku tidak mengerti film nya RT @novaputri : The call film apasih? RT @Ricormdhn : Tidak ada RT @mubdiafrizal : Tidak ada seperti nya ._. RT @novaputri : Da film apa yang bagus? RT @mubdiafrizal : @Ricormdhn @novaputri jadi sih",Negatif
D474,Sumpah ini film keren banget.. Dari mengantuk sampai membuat aku tidak bisa tidur.. Sukses dah sutradara nya� ? The Call � https://path.com/p/2hkyUF,Positif
D475,"Penasaran! Tonton deh besok RT @detikcom : Menjelajah Angkasa dalam Film ""Gravity"" #Gravity http://detik.com/tErYg via @detikhot ",Positif
D476,"#MovieReview Gravity . Buat yang suka film dengan plot yang berat dan action yang banyak, jangan nonton inilah. Pemain nya saja sedikit benar bagaimana mau ramai",Negatif
D477,"Review #Gravity : film ini menceritakan wanita yang terjebak di luar angkasa dan dia harus berusaha untuk kembali ke bumi, sendirian!! Seru :-D""",Positif
D478,"Tapi aku tetap mempertanyakan rating tinggi nya gitu, karena dari kacamata orang awam film ini flat dan bikin bosan. Iya, terlalu realistis. #Gravity",Negatif
D479,"Gravity Film yang terlalu sederhana untuk ukuran rating tinggi. Dan sampai saat ini aku masih bingung bagian mana nya yang mejadi acuan rating. --""",Negatif
D480,"Sepertinya "" Gravity "" bakal jadi film sci-fi paling epik tahun ini. Bahkan dapat #CertifiedFresh 98% RottenTomatoes dan 88% IMDb. :)",Positif
D481,Ya ampun ini film tidak benar banget.. Enyes-enyes. Tips harus 3d dan sedikit tips akan jadi� ? Gravity (at @Cinema21 ) � https://path.com/p/44OXc0,Negatif
D482,Ada 3D nya tak kak? RT @realtamiii : Film Gravity itu surga buat orang seperti saya. Bisa lihat isi ISS sama Soyuz nya walaupun tak asli. Tapi � https://twitter.com/ardictatian/status/387227902833475584,Positif
D483,"@benakribo film nya agak membosankan karena pemain nya cuma 2 orang, cerita nya juga kurang greget. #Gravity :-& RT @benakribo: Film Gravity sepertinya keren banget�..",Negatif
D484,Bikin sesak napas juga hahaha tapi keren sandra bullock nya RT @juuwita : Wah film gravity rame bukan? Wah wah wah wah,Negatif
D485,"Sudah tonton film Gravity tapi menurut aku kurang seru...biasa saja yang main saja sih oke, sandra bullock si seksi dan cantik:*.. hem @GrahaCijtung #Gravity",Negatif
D486,"Film nya bikin pintar karena jadi tahu bagaimana sebenarnya di luar angkasa itu ;);) RT @jflowrighthere : Lagi ada film - film menarik ini, Gravity , Prisoners, MSS nya @radityadika , hem #apalagi ya?",Positif
D487,"Habis menonton gravity .... Langsung cabut lagi lah, memang ada yang peduli? Tidak ada kan... Huh huh huh film nya keren abis!!� #Gravity",Positif
D488,Biasa saja RT @KapanLagicom : Sudah menonton film ANNABELLE belum nih KLovers? bagaimana film nya? sukses bikin jantungan tidak? #kamisteri ,Negatif
D489,RT @Metro_TV : [Populer] 8 Kesalahan Film Annabelle yang Mungkin Tidak Anda Sadari http://showbiz.metrotvnews.com/read/2014/10/0 8/302183/8-kesalahan-film-annabelle-yang-mungkin-tidak-anda-sadari,Negatif
D490,`@octaviaputrit film annabelle membosankan karena mirip sama rosemary's baby + alur nya gampang di tebak... Hantu nya malah keluar bentar saja..,Negatif
D491,"Tidak seram hanya membuat kaget :( RT @KompasTV : Menurut kamu sendiri, se seram apa sih film Annabelle , Sahabat KompasTV? #KompasFilm ",Negatif
D492,Film bikin emosi ini sih... ? 12 Years a Slave (at Menteng Dental Clinic) � https://path.com/p/1iPqug,Negatif
D493,`@Mujiastono @oland_ bagus banget. Sampai-sampai akting nya Lupita Nyong'o menyabet Oscar. Alasan menonton film 12 Years a Slave ya karena itu.,Positif
D494,"WAH RT @ryanhadefi : Gravity sama 12 Years A Slave sama-sama 97% di @RottenTomatoes , tapi rating nya lebih tinggi Gravity gitu :|",Positif
D495,untuk biografi perbudakan kaum kulit hitam lebih enak menonton the butler di banding 12 years a slave,Positif
D496,Lagi menonton 12 years a slave ... Keren...!!!,Positif
D497,"Benar-benar :(( menonton film 12 years a slave saja menangis kan ;""(",Negatif
D498,"""12 Years A Slave""  Menonton film ini miris banget, sangat biadab bagaimana ketidakadilan rasial jaman dulu. Kalo hari ini masih rasis?",Negatif
D499,"Ini itu Jelas film yang Berkelas pakai banget, Rekomendasi!! ? 12 Years a Slave (at @cgk_ap2 ) � https://path.com/p/48ERTa",Positif
D500,"Menonton 12 years a slave bikin pilu #pffft ,,tak heran jadi salah satu film nominator (menang) kategori beberapa penghargaan film bergengsi #fb",Positif
